[
{
    "model": "admin.logentry",
    "pk": 1,
    "fields": {
        "action_time": "2024-02-13T14:56:40.173Z",
        "user": 1,
        "content_type": 10,
        "object_id": "1",
        "object_repr": "Proveedor object (1)",
        "action_flag": 1,
        "change_message": "[{\"added\": {}}]"
    }
},
{
    "model": "admin.logentry",
    "pk": 2,
    "fields": {
        "action_time": "2024-02-13T14:56:52.279Z",
        "user": 1,
        "content_type": 10,
        "object_id": "2",
        "object_repr": "Proveedor object (2)",
        "action_flag": 1,
        "change_message": "[{\"added\": {}}]"
    }
},
{
    "model": "admin.logentry",
    "pk": 3,
    "fields": {
        "action_time": "2024-02-13T14:57:01.086Z",
        "user": 1,
        "content_type": 10,
        "object_id": "3",
        "object_repr": "Proveedor object (3)",
        "action_flag": 1,
        "change_message": "[{\"added\": {}}]"
    }
},
{
    "model": "admin.logentry",
    "pk": 4,
    "fields": {
        "action_time": "2024-02-13T14:57:12.162Z",
        "user": 1,
        "content_type": 10,
        "object_id": "4",
        "object_repr": "Proveedor object (4)",
        "action_flag": 1,
        "change_message": "[{\"added\": {}}]"
    }
},
{
    "model": "admin.logentry",
    "pk": 5,
    "fields": {
        "action_time": "2024-02-13T14:57:21.369Z",
        "user": 1,
        "content_type": 10,
        "object_id": "5",
        "object_repr": "Proveedor object (5)",
        "action_flag": 1,
        "change_message": "[{\"added\": {}}]"
    }
},
{
    "model": "admin.logentry",
    "pk": 6,
    "fields": {
        "action_time": "2024-02-13T14:57:28.792Z",
        "user": 1,
        "content_type": 10,
        "object_id": "6",
        "object_repr": "Proveedor object (6)",
        "action_flag": 1,
        "change_message": "[{\"added\": {}}]"
    }
},
{
    "model": "admin.logentry",
    "pk": 7,
    "fields": {
        "action_time": "2024-02-13T14:57:37.168Z",
        "user": 1,
        "content_type": 10,
        "object_id": "7",
        "object_repr": "Proveedor object (7)",
        "action_flag": 1,
        "change_message": "[{\"added\": {}}]"
    }
},
{
    "model": "admin.logentry",
    "pk": 8,
    "fields": {
        "action_time": "2024-02-13T14:57:46.779Z",
        "user": 1,
        "content_type": 10,
        "object_id": "8",
        "object_repr": "Proveedor object (8)",
        "action_flag": 1,
        "change_message": "[{\"added\": {}}]"
    }
},
{
    "model": "admin.logentry",
    "pk": 9,
    "fields": {
        "action_time": "2024-02-13T14:57:56.403Z",
        "user": 1,
        "content_type": 10,
        "object_id": "9",
        "object_repr": "Proveedor object (9)",
        "action_flag": 1,
        "change_message": "[{\"added\": {}}]"
    }
},
{
    "model": "admin.logentry",
    "pk": 10,
    "fields": {
        "action_time": "2024-02-13T14:58:04.129Z",
        "user": 1,
        "content_type": 10,
        "object_id": "10",
        "object_repr": "Proveedor object (10)",
        "action_flag": 1,
        "change_message": "[{\"added\": {}}]"
    }
},
{
    "model": "admin.logentry",
    "pk": 11,
    "fields": {
        "action_time": "2024-02-13T15:22:25.688Z",
        "user": 1,
        "content_type": 3,
        "object_id": "1",
        "object_repr": "gerente",
        "action_flag": 1,
        "change_message": "[{\"added\": {}}]"
    }
},
{
    "model": "admin.logentry",
    "pk": 12,
    "fields": {
        "action_time": "2024-02-19T21:18:13.473Z",
        "user": 1,
        "content_type": 30,
        "object_id": "1",
        "object_repr": "http://127.0.0.1:8000",
        "action_flag": 2,
        "change_message": "[{\"changed\": {\"fields\": [\"Domain name\", \"Display name\"]}}]"
    }
},
{
    "model": "admin.logentry",
    "pk": 13,
    "fields": {
        "action_time": "2024-02-19T21:19:47.036Z",
        "user": 1,
        "content_type": 34,
        "object_id": "1",
        "object_repr": "App_Farmacia_API",
        "action_flag": 1,
        "change_message": "[{\"added\": {}}]"
    }
},
{
    "model": "admin.logentry",
    "pk": 14,
    "fields": {
        "action_time": "2024-02-19T21:24:07.027Z",
        "user": 1,
        "content_type": 30,
        "object_id": "1",
        "object_repr": "127.0.0.1:8000",
        "action_flag": 2,
        "change_message": "[{\"changed\": {\"fields\": [\"Domain name\", \"Display name\"]}}]"
    }
},
{
    "model": "admin.logentry",
    "pk": 15,
    "fields": {
        "action_time": "2024-02-19T21:57:59.960Z",
        "user": 1,
        "content_type": 3,
        "object_id": "1",
        "object_repr": "Gerente",
        "action_flag": 2,
        "change_message": "[{\"changed\": {\"fields\": [\"Name\"]}}]"
    }
},
{
    "model": "admin.logentry",
    "pk": 16,
    "fields": {
        "action_time": "2024-02-19T21:58:09.786Z",
        "user": 1,
        "content_type": 3,
        "object_id": "2",
        "object_repr": "Administrador",
        "action_flag": 1,
        "change_message": "[{\"added\": {}}]"
    }
},
{
    "model": "admin.logentry",
    "pk": 17,
    "fields": {
        "action_time": "2024-02-19T21:58:15.160Z",
        "user": 1,
        "content_type": 3,
        "object_id": "3",
        "object_repr": "Cliente",
        "action_flag": 1,
        "change_message": "[{\"added\": {}}]"
    }
},
{
    "model": "admin.logentry",
    "pk": 18,
    "fields": {
        "action_time": "2024-02-19T21:58:19.617Z",
        "user": 1,
        "content_type": 3,
        "object_id": "4",
        "object_repr": "Empleado",
        "action_flag": 1,
        "change_message": "[{\"added\": {}}]"
    }
},
{
    "model": "admin.logentry",
    "pk": 19,
    "fields": {
        "action_time": "2024-02-28T17:15:24.022Z",
        "user": 1,
        "content_type": 3,
        "object_id": "3",
        "object_repr": "Cliente",
        "action_flag": 2,
        "change_message": "[{\"changed\": {\"fields\": [\"Permissions\"]}}]"
    }
},
{
    "model": "admin.logentry",
    "pk": 20,
    "fields": {
        "action_time": "2024-02-28T17:18:14.284Z",
        "user": 1,
        "content_type": 3,
        "object_id": "4",
        "object_repr": "Empleado",
        "action_flag": 2,
        "change_message": "[{\"changed\": {\"fields\": [\"Permissions\"]}}]"
    }
},
{
    "model": "admin.logentry",
    "pk": 21,
    "fields": {
        "action_time": "2024-02-28T20:28:58.751Z",
        "user": 1,
        "content_type": 12,
        "object_id": "21",
        "object_repr": "empleado",
        "action_flag": 1,
        "change_message": "[{\"added\": {}}]"
    }
},
{
    "model": "admin.logentry",
    "pk": 22,
    "fields": {
        "action_time": "2024-02-28T20:29:13.390Z",
        "user": 1,
        "content_type": 20,
        "object_id": "1",
        "object_repr": "Empleado object (1)",
        "action_flag": 1,
        "change_message": "[{\"added\": {}}]"
    }
},
{
    "model": "admin.logentry",
    "pk": 23,
    "fields": {
        "action_time": "2024-03-07T21:55:25.949Z",
        "user": 1,
        "content_type": 16,
        "object_id": "1",
        "object_repr": "Feliz Cumpleaños",
        "action_flag": 1,
        "change_message": "[{\"added\": {}}]"
    }
},
{
    "model": "admin.logentry",
    "pk": 24,
    "fields": {
        "action_time": "2024-03-07T21:59:40.198Z",
        "user": 1,
        "content_type": 9,
        "object_id": "10",
        "object_repr": "Crema de hidrocortisona 1%",
        "action_flag": 2,
        "change_message": "[{\"changed\": {\"fields\": [\"Imagen prod\"]}}]"
    }
},
{
    "model": "admin.logentry",
    "pk": 25,
    "fields": {
        "action_time": "2024-03-07T22:01:32.082Z",
        "user": 1,
        "content_type": 9,
        "object_id": "9",
        "object_repr": "Multivitamínico Centrum",
        "action_flag": 2,
        "change_message": "[{\"changed\": {\"fields\": [\"Imagen prod\"]}}]"
    }
},
{
    "model": "admin.logentry",
    "pk": 26,
    "fields": {
        "action_time": "2024-03-07T22:02:50.867Z",
        "user": 1,
        "content_type": 9,
        "object_id": "8",
        "object_repr": "Ranitidina 150mg",
        "action_flag": 2,
        "change_message": "[{\"changed\": {\"fields\": [\"Imagen prod\"]}}]"
    }
},
{
    "model": "admin.logentry",
    "pk": 27,
    "fields": {
        "action_time": "2024-03-07T22:04:56.900Z",
        "user": 1,
        "content_type": 9,
        "object_id": "7",
        "object_repr": "Salbutamol (Ventolin) inhalador",
        "action_flag": 2,
        "change_message": "[{\"changed\": {\"fields\": [\"Imagen prod\"]}}]"
    }
},
{
    "model": "admin.logentry",
    "pk": 28,
    "fields": {
        "action_time": "2024-03-07T22:05:44.137Z",
        "user": 1,
        "content_type": 9,
        "object_id": "6",
        "object_repr": "Simvastatina 20mg",
        "action_flag": 2,
        "change_message": "[{\"changed\": {\"fields\": [\"Imagen prod\"]}}]"
    }
},
{
    "model": "admin.logentry",
    "pk": 29,
    "fields": {
        "action_time": "2024-03-07T22:06:51.186Z",
        "user": 1,
        "content_type": 9,
        "object_id": "5",
        "object_repr": "Clorhexidina en enjuague bucal",
        "action_flag": 2,
        "change_message": "[{\"changed\": {\"fields\": [\"Imagen prod\"]}}]"
    }
},
{
    "model": "admin.logentry",
    "pk": 30,
    "fields": {
        "action_time": "2024-03-07T22:07:18.247Z",
        "user": 1,
        "content_type": 9,
        "object_id": "4",
        "object_repr": "Loratadina 10mg",
        "action_flag": 2,
        "change_message": "[{\"changed\": {\"fields\": [\"Imagen prod\"]}}]"
    }
},
{
    "model": "admin.logentry",
    "pk": 31,
    "fields": {
        "action_time": "2024-03-07T22:07:57.067Z",
        "user": 1,
        "content_type": 9,
        "object_id": "3",
        "object_repr": "Paracetamol 500mg",
        "action_flag": 2,
        "change_message": "[{\"changed\": {\"fields\": [\"Imagen prod\"]}}]"
    }
},
{
    "model": "admin.logentry",
    "pk": 32,
    "fields": {
        "action_time": "2024-03-07T22:08:29.618Z",
        "user": 1,
        "content_type": 9,
        "object_id": "2",
        "object_repr": "Omeprazol 20mg",
        "action_flag": 2,
        "change_message": "[{\"changed\": {\"fields\": [\"Imagen prod\"]}}]"
    }
},
{
    "model": "admin.logentry",
    "pk": 33,
    "fields": {
        "action_time": "2024-03-07T22:09:18.296Z",
        "user": 1,
        "content_type": 9,
        "object_id": "1",
        "object_repr": "Ibuprofeno 400mg",
        "action_flag": 2,
        "change_message": "[{\"changed\": {\"fields\": [\"Imagen prod\"]}}]"
    }
},
{
    "model": "admin.logentry",
    "pk": 34,
    "fields": {
        "action_time": "2024-03-07T22:28:23.579Z",
        "user": 1,
        "content_type": 16,
        "object_id": "1",
        "object_repr": "Feliz Cumpleaños",
        "action_flag": 2,
        "change_message": "[{\"changed\": {\"fields\": [\"Cliente promo\"]}}]"
    }
},
{
    "model": "admin.logentry",
    "pk": 35,
    "fields": {
        "action_time": "2024-03-07T23:36:00.195Z",
        "user": 1,
        "content_type": 6,
        "object_id": "1",
        "object_repr": "Cliente object (1)",
        "action_flag": 2,
        "change_message": "[{\"changed\": {\"fields\": [\"Birthday date\", \"Productos favoritos\"]}}]"
    }
},
{
    "model": "admin.logentry",
    "pk": 36,
    "fields": {
        "action_time": "2024-03-08T00:18:15.129Z",
        "user": 1,
        "content_type": 6,
        "object_id": "1",
        "object_repr": "Cliente object (1)",
        "action_flag": 2,
        "change_message": "[{\"changed\": {\"fields\": [\"Birthday date\"]}}]"
    }
},
{
    "model": "admin.logentry",
    "pk": 37,
    "fields": {
        "action_time": "2024-03-08T00:35:29.796Z",
        "user": 1,
        "content_type": 16,
        "object_id": "2",
        "object_repr": "Feliz Cumpleaños",
        "action_flag": 1,
        "change_message": "[{\"added\": {}}]"
    }
},
{
    "model": "admin.logentry",
    "pk": 38,
    "fields": {
        "action_time": "2024-03-08T00:35:36.152Z",
        "user": 1,
        "content_type": 16,
        "object_id": "1",
        "object_repr": "Feliz Cumpleaños",
        "action_flag": 3,
        "change_message": ""
    }
},
{
    "model": "admin.logentry",
    "pk": 39,
    "fields": {
        "action_time": "2024-03-08T00:36:14.907Z",
        "user": 1,
        "content_type": 6,
        "object_id": "1",
        "object_repr": "Cliente object (1)",
        "action_flag": 2,
        "change_message": "[{\"changed\": {\"fields\": [\"Birthday date\"]}}]"
    }
},
{
    "model": "admin.logentry",
    "pk": 40,
    "fields": {
        "action_time": "2024-03-08T01:17:14.021Z",
        "user": 1,
        "content_type": 9,
        "object_id": "10",
        "object_repr": "Crema de hidrocortisona 1%",
        "action_flag": 2,
        "change_message": "[{\"changed\": {\"fields\": [\"Stock\"]}}]"
    }
},
{
    "model": "admin.logentry",
    "pk": 41,
    "fields": {
        "action_time": "2024-03-08T01:17:18.952Z",
        "user": 1,
        "content_type": 9,
        "object_id": "9",
        "object_repr": "Multivitamínico Centrum",
        "action_flag": 2,
        "change_message": "[{\"changed\": {\"fields\": [\"Stock\"]}}]"
    }
},
{
    "model": "admin.logentry",
    "pk": 42,
    "fields": {
        "action_time": "2024-03-08T01:17:22.465Z",
        "user": 1,
        "content_type": 9,
        "object_id": "9",
        "object_repr": "Multivitamínico Centrum",
        "action_flag": 2,
        "change_message": "[]"
    }
},
{
    "model": "admin.logentry",
    "pk": 43,
    "fields": {
        "action_time": "2024-03-08T01:17:28.863Z",
        "user": 1,
        "content_type": 9,
        "object_id": "8",
        "object_repr": "Ranitidina 150mg",
        "action_flag": 2,
        "change_message": "[{\"changed\": {\"fields\": [\"Stock\"]}}]"
    }
},
{
    "model": "admin.logentry",
    "pk": 44,
    "fields": {
        "action_time": "2024-03-08T01:17:34.721Z",
        "user": 1,
        "content_type": 9,
        "object_id": "7",
        "object_repr": "Salbutamol (Ventolin) inhalador",
        "action_flag": 2,
        "change_message": "[{\"changed\": {\"fields\": [\"Stock\"]}}]"
    }
},
{
    "model": "admin.logentry",
    "pk": 45,
    "fields": {
        "action_time": "2024-03-08T01:17:39.201Z",
        "user": 1,
        "content_type": 9,
        "object_id": "6",
        "object_repr": "Simvastatina 20mg",
        "action_flag": 2,
        "change_message": "[{\"changed\": {\"fields\": [\"Stock\"]}}]"
    }
},
{
    "model": "admin.logentry",
    "pk": 46,
    "fields": {
        "action_time": "2024-03-08T01:17:44.693Z",
        "user": 1,
        "content_type": 9,
        "object_id": "5",
        "object_repr": "Clorhexidina en enjuague bucal",
        "action_flag": 2,
        "change_message": "[{\"changed\": {\"fields\": [\"Stock\"]}}]"
    }
},
{
    "model": "admin.logentry",
    "pk": 47,
    "fields": {
        "action_time": "2024-03-08T01:17:49.579Z",
        "user": 1,
        "content_type": 9,
        "object_id": "4",
        "object_repr": "Loratadina 10mg",
        "action_flag": 2,
        "change_message": "[{\"changed\": {\"fields\": [\"Stock\"]}}]"
    }
},
{
    "model": "admin.logentry",
    "pk": 48,
    "fields": {
        "action_time": "2024-03-08T01:17:54.732Z",
        "user": 1,
        "content_type": 9,
        "object_id": "3",
        "object_repr": "Paracetamol 500mg",
        "action_flag": 2,
        "change_message": "[{\"changed\": {\"fields\": [\"Stock\"]}}]"
    }
},
{
    "model": "admin.logentry",
    "pk": 49,
    "fields": {
        "action_time": "2024-03-08T01:17:59.942Z",
        "user": 1,
        "content_type": 9,
        "object_id": "2",
        "object_repr": "Omeprazol 20mg",
        "action_flag": 2,
        "change_message": "[{\"changed\": {\"fields\": [\"Stock\"]}}]"
    }
},
{
    "model": "admin.logentry",
    "pk": 50,
    "fields": {
        "action_time": "2024-03-08T01:18:04.113Z",
        "user": 1,
        "content_type": 9,
        "object_id": "1",
        "object_repr": "Ibuprofeno 400mg",
        "action_flag": 2,
        "change_message": "[{\"changed\": {\"fields\": [\"Stock\"]}}]"
    }
},
{
    "model": "auth.permission",
    "pk": 1,
    "fields": {
        "name": "Can add log entry",
        "content_type": 1,
        "codename": "add_logentry"
    }
},
{
    "model": "auth.permission",
    "pk": 2,
    "fields": {
        "name": "Can change log entry",
        "content_type": 1,
        "codename": "change_logentry"
    }
},
{
    "model": "auth.permission",
    "pk": 3,
    "fields": {
        "name": "Can delete log entry",
        "content_type": 1,
        "codename": "delete_logentry"
    }
},
{
    "model": "auth.permission",
    "pk": 4,
    "fields": {
        "name": "Can view log entry",
        "content_type": 1,
        "codename": "view_logentry"
    }
},
{
    "model": "auth.permission",
    "pk": 5,
    "fields": {
        "name": "Can add permission",
        "content_type": 2,
        "codename": "add_permission"
    }
},
{
    "model": "auth.permission",
    "pk": 6,
    "fields": {
        "name": "Can change permission",
        "content_type": 2,
        "codename": "change_permission"
    }
},
{
    "model": "auth.permission",
    "pk": 7,
    "fields": {
        "name": "Can delete permission",
        "content_type": 2,
        "codename": "delete_permission"
    }
},
{
    "model": "auth.permission",
    "pk": 8,
    "fields": {
        "name": "Can view permission",
        "content_type": 2,
        "codename": "view_permission"
    }
},
{
    "model": "auth.permission",
    "pk": 9,
    "fields": {
        "name": "Can add group",
        "content_type": 3,
        "codename": "add_group"
    }
},
{
    "model": "auth.permission",
    "pk": 10,
    "fields": {
        "name": "Can change group",
        "content_type": 3,
        "codename": "change_group"
    }
},
{
    "model": "auth.permission",
    "pk": 11,
    "fields": {
        "name": "Can delete group",
        "content_type": 3,
        "codename": "delete_group"
    }
},
{
    "model": "auth.permission",
    "pk": 12,
    "fields": {
        "name": "Can view group",
        "content_type": 3,
        "codename": "view_group"
    }
},
{
    "model": "auth.permission",
    "pk": 13,
    "fields": {
        "name": "Can add content type",
        "content_type": 4,
        "codename": "add_contenttype"
    }
},
{
    "model": "auth.permission",
    "pk": 14,
    "fields": {
        "name": "Can change content type",
        "content_type": 4,
        "codename": "change_contenttype"
    }
},
{
    "model": "auth.permission",
    "pk": 15,
    "fields": {
        "name": "Can delete content type",
        "content_type": 4,
        "codename": "delete_contenttype"
    }
},
{
    "model": "auth.permission",
    "pk": 16,
    "fields": {
        "name": "Can view content type",
        "content_type": 4,
        "codename": "view_contenttype"
    }
},
{
    "model": "auth.permission",
    "pk": 17,
    "fields": {
        "name": "Can add session",
        "content_type": 5,
        "codename": "add_session"
    }
},
{
    "model": "auth.permission",
    "pk": 18,
    "fields": {
        "name": "Can change session",
        "content_type": 5,
        "codename": "change_session"
    }
},
{
    "model": "auth.permission",
    "pk": 19,
    "fields": {
        "name": "Can delete session",
        "content_type": 5,
        "codename": "delete_session"
    }
},
{
    "model": "auth.permission",
    "pk": 20,
    "fields": {
        "name": "Can view session",
        "content_type": 5,
        "codename": "view_session"
    }
},
{
    "model": "auth.permission",
    "pk": 21,
    "fields": {
        "name": "Can add cliente",
        "content_type": 6,
        "codename": "add_cliente"
    }
},
{
    "model": "auth.permission",
    "pk": 22,
    "fields": {
        "name": "Can change cliente",
        "content_type": 6,
        "codename": "change_cliente"
    }
},
{
    "model": "auth.permission",
    "pk": 23,
    "fields": {
        "name": "Can delete cliente",
        "content_type": 6,
        "codename": "delete_cliente"
    }
},
{
    "model": "auth.permission",
    "pk": 24,
    "fields": {
        "name": "Can view cliente",
        "content_type": 6,
        "codename": "view_cliente"
    }
},
{
    "model": "auth.permission",
    "pk": 25,
    "fields": {
        "name": "Can add compra",
        "content_type": 7,
        "codename": "add_compra"
    }
},
{
    "model": "auth.permission",
    "pk": 26,
    "fields": {
        "name": "Can change compra",
        "content_type": 7,
        "codename": "change_compra"
    }
},
{
    "model": "auth.permission",
    "pk": 27,
    "fields": {
        "name": "Can delete compra",
        "content_type": 7,
        "codename": "delete_compra"
    }
},
{
    "model": "auth.permission",
    "pk": 28,
    "fields": {
        "name": "Can view compra",
        "content_type": 7,
        "codename": "view_compra"
    }
},
{
    "model": "auth.permission",
    "pk": 29,
    "fields": {
        "name": "Can add farmacia",
        "content_type": 8,
        "codename": "add_farmacia"
    }
},
{
    "model": "auth.permission",
    "pk": 30,
    "fields": {
        "name": "Can change farmacia",
        "content_type": 8,
        "codename": "change_farmacia"
    }
},
{
    "model": "auth.permission",
    "pk": 31,
    "fields": {
        "name": "Can delete farmacia",
        "content_type": 8,
        "codename": "delete_farmacia"
    }
},
{
    "model": "auth.permission",
    "pk": 32,
    "fields": {
        "name": "Can view farmacia",
        "content_type": 8,
        "codename": "view_farmacia"
    }
},
{
    "model": "auth.permission",
    "pk": 33,
    "fields": {
        "name": "Can add producto",
        "content_type": 9,
        "codename": "add_producto"
    }
},
{
    "model": "auth.permission",
    "pk": 34,
    "fields": {
        "name": "Can change producto",
        "content_type": 9,
        "codename": "change_producto"
    }
},
{
    "model": "auth.permission",
    "pk": 35,
    "fields": {
        "name": "Can delete producto",
        "content_type": 9,
        "codename": "delete_producto"
    }
},
{
    "model": "auth.permission",
    "pk": 36,
    "fields": {
        "name": "Can view producto",
        "content_type": 9,
        "codename": "view_producto"
    }
},
{
    "model": "auth.permission",
    "pk": 37,
    "fields": {
        "name": "Can add proveedor",
        "content_type": 10,
        "codename": "add_proveedor"
    }
},
{
    "model": "auth.permission",
    "pk": 38,
    "fields": {
        "name": "Can change proveedor",
        "content_type": 10,
        "codename": "change_proveedor"
    }
},
{
    "model": "auth.permission",
    "pk": 39,
    "fields": {
        "name": "Can delete proveedor",
        "content_type": 10,
        "codename": "delete_proveedor"
    }
},
{
    "model": "auth.permission",
    "pk": 40,
    "fields": {
        "name": "Can view proveedor",
        "content_type": 10,
        "codename": "view_proveedor"
    }
},
{
    "model": "auth.permission",
    "pk": 41,
    "fields": {
        "name": "Can add uploaded file",
        "content_type": 11,
        "codename": "add_uploadedfile"
    }
},
{
    "model": "auth.permission",
    "pk": 42,
    "fields": {
        "name": "Can change uploaded file",
        "content_type": 11,
        "codename": "change_uploadedfile"
    }
},
{
    "model": "auth.permission",
    "pk": 43,
    "fields": {
        "name": "Can delete uploaded file",
        "content_type": 11,
        "codename": "delete_uploadedfile"
    }
},
{
    "model": "auth.permission",
    "pk": 44,
    "fields": {
        "name": "Can view uploaded file",
        "content_type": 11,
        "codename": "view_uploadedfile"
    }
},
{
    "model": "auth.permission",
    "pk": 45,
    "fields": {
        "name": "Can add user",
        "content_type": 12,
        "codename": "add_usuario"
    }
},
{
    "model": "auth.permission",
    "pk": 46,
    "fields": {
        "name": "Can change user",
        "content_type": 12,
        "codename": "change_usuario"
    }
},
{
    "model": "auth.permission",
    "pk": 47,
    "fields": {
        "name": "Can delete user",
        "content_type": 12,
        "codename": "delete_usuario"
    }
},
{
    "model": "auth.permission",
    "pk": 48,
    "fields": {
        "name": "Can view user",
        "content_type": 12,
        "codename": "view_usuario"
    }
},
{
    "model": "auth.permission",
    "pk": 49,
    "fields": {
        "name": "Can add votacion",
        "content_type": 13,
        "codename": "add_votacion"
    }
},
{
    "model": "auth.permission",
    "pk": 50,
    "fields": {
        "name": "Can change votacion",
        "content_type": 13,
        "codename": "change_votacion"
    }
},
{
    "model": "auth.permission",
    "pk": 51,
    "fields": {
        "name": "Can delete votacion",
        "content_type": 13,
        "codename": "delete_votacion"
    }
},
{
    "model": "auth.permission",
    "pk": 52,
    "fields": {
        "name": "Can view votacion",
        "content_type": 13,
        "codename": "view_votacion"
    }
},
{
    "model": "auth.permission",
    "pk": 53,
    "fields": {
        "name": "Can add suministro producto",
        "content_type": 14,
        "codename": "add_suministroproducto"
    }
},
{
    "model": "auth.permission",
    "pk": 54,
    "fields": {
        "name": "Can change suministro producto",
        "content_type": 14,
        "codename": "change_suministroproducto"
    }
},
{
    "model": "auth.permission",
    "pk": 55,
    "fields": {
        "name": "Can delete suministro producto",
        "content_type": 14,
        "codename": "delete_suministroproducto"
    }
},
{
    "model": "auth.permission",
    "pk": 56,
    "fields": {
        "name": "Can view suministro producto",
        "content_type": 14,
        "codename": "view_suministroproducto"
    }
},
{
    "model": "auth.permission",
    "pk": 57,
    "fields": {
        "name": "Can add subscripcion",
        "content_type": 15,
        "codename": "add_subscripcion"
    }
},
{
    "model": "auth.permission",
    "pk": 58,
    "fields": {
        "name": "Can change subscripcion",
        "content_type": 15,
        "codename": "change_subscripcion"
    }
},
{
    "model": "auth.permission",
    "pk": 59,
    "fields": {
        "name": "Can delete subscripcion",
        "content_type": 15,
        "codename": "delete_subscripcion"
    }
},
{
    "model": "auth.permission",
    "pk": 60,
    "fields": {
        "name": "Can view subscripcion",
        "content_type": 15,
        "codename": "view_subscripcion"
    }
},
{
    "model": "auth.permission",
    "pk": 61,
    "fields": {
        "name": "Can add promocion",
        "content_type": 16,
        "codename": "add_promocion"
    }
},
{
    "model": "auth.permission",
    "pk": 62,
    "fields": {
        "name": "Can change promocion",
        "content_type": 16,
        "codename": "change_promocion"
    }
},
{
    "model": "auth.permission",
    "pk": 63,
    "fields": {
        "name": "Can delete promocion",
        "content_type": 16,
        "codename": "delete_promocion"
    }
},
{
    "model": "auth.permission",
    "pk": 64,
    "fields": {
        "name": "Can view promocion",
        "content_type": 16,
        "codename": "view_promocion"
    }
},
{
    "model": "auth.permission",
    "pk": 65,
    "fields": {
        "name": "Can add pago",
        "content_type": 17,
        "codename": "add_pago"
    }
},
{
    "model": "auth.permission",
    "pk": 66,
    "fields": {
        "name": "Can change pago",
        "content_type": 17,
        "codename": "change_pago"
    }
},
{
    "model": "auth.permission",
    "pk": 67,
    "fields": {
        "name": "Can delete pago",
        "content_type": 17,
        "codename": "delete_pago"
    }
},
{
    "model": "auth.permission",
    "pk": 68,
    "fields": {
        "name": "Can view pago",
        "content_type": 17,
        "codename": "view_pago"
    }
},
{
    "model": "auth.permission",
    "pk": 69,
    "fields": {
        "name": "Can add historial cliente",
        "content_type": 18,
        "codename": "add_historialcliente"
    }
},
{
    "model": "auth.permission",
    "pk": 70,
    "fields": {
        "name": "Can change historial cliente",
        "content_type": 18,
        "codename": "change_historialcliente"
    }
},
{
    "model": "auth.permission",
    "pk": 71,
    "fields": {
        "name": "Can delete historial cliente",
        "content_type": 18,
        "codename": "delete_historialcliente"
    }
},
{
    "model": "auth.permission",
    "pk": 72,
    "fields": {
        "name": "Can view historial cliente",
        "content_type": 18,
        "codename": "view_historialcliente"
    }
},
{
    "model": "auth.permission",
    "pk": 73,
    "fields": {
        "name": "Can add gerente",
        "content_type": 19,
        "codename": "add_gerente"
    }
},
{
    "model": "auth.permission",
    "pk": 74,
    "fields": {
        "name": "Can change gerente",
        "content_type": 19,
        "codename": "change_gerente"
    }
},
{
    "model": "auth.permission",
    "pk": 75,
    "fields": {
        "name": "Can delete gerente",
        "content_type": 19,
        "codename": "delete_gerente"
    }
},
{
    "model": "auth.permission",
    "pk": 76,
    "fields": {
        "name": "Can view gerente",
        "content_type": 19,
        "codename": "view_gerente"
    }
},
{
    "model": "auth.permission",
    "pk": 77,
    "fields": {
        "name": "Can add empleado",
        "content_type": 20,
        "codename": "add_empleado"
    }
},
{
    "model": "auth.permission",
    "pk": 78,
    "fields": {
        "name": "Can change empleado",
        "content_type": 20,
        "codename": "change_empleado"
    }
},
{
    "model": "auth.permission",
    "pk": 79,
    "fields": {
        "name": "Can delete empleado",
        "content_type": 20,
        "codename": "delete_empleado"
    }
},
{
    "model": "auth.permission",
    "pk": 80,
    "fields": {
        "name": "Can view empleado",
        "content_type": 20,
        "codename": "view_empleado"
    }
},
{
    "model": "auth.permission",
    "pk": 81,
    "fields": {
        "name": "Can add detalle producto",
        "content_type": 21,
        "codename": "add_detalleproducto"
    }
},
{
    "model": "auth.permission",
    "pk": 82,
    "fields": {
        "name": "Can change detalle producto",
        "content_type": 21,
        "codename": "change_detalleproducto"
    }
},
{
    "model": "auth.permission",
    "pk": 83,
    "fields": {
        "name": "Can delete detalle producto",
        "content_type": 21,
        "codename": "delete_detalleproducto"
    }
},
{
    "model": "auth.permission",
    "pk": 84,
    "fields": {
        "name": "Can view detalle producto",
        "content_type": 21,
        "codename": "view_detalleproducto"
    }
},
{
    "model": "auth.permission",
    "pk": 85,
    "fields": {
        "name": "Can add detalle compra",
        "content_type": 22,
        "codename": "add_detallecompra"
    }
},
{
    "model": "auth.permission",
    "pk": 86,
    "fields": {
        "name": "Can change detalle compra",
        "content_type": 22,
        "codename": "change_detallecompra"
    }
},
{
    "model": "auth.permission",
    "pk": 87,
    "fields": {
        "name": "Can delete detalle compra",
        "content_type": 22,
        "codename": "delete_detallecompra"
    }
},
{
    "model": "auth.permission",
    "pk": 88,
    "fields": {
        "name": "Can view detalle compra",
        "content_type": 22,
        "codename": "view_detallecompra"
    }
},
{
    "model": "auth.permission",
    "pk": 89,
    "fields": {
        "name": "Can add datos farmacia",
        "content_type": 23,
        "codename": "add_datosfarmacia"
    }
},
{
    "model": "auth.permission",
    "pk": 90,
    "fields": {
        "name": "Can change datos farmacia",
        "content_type": 23,
        "codename": "change_datosfarmacia"
    }
},
{
    "model": "auth.permission",
    "pk": 91,
    "fields": {
        "name": "Can delete datos farmacia",
        "content_type": 23,
        "codename": "delete_datosfarmacia"
    }
},
{
    "model": "auth.permission",
    "pk": 92,
    "fields": {
        "name": "Can view datos farmacia",
        "content_type": 23,
        "codename": "view_datosfarmacia"
    }
},
{
    "model": "auth.permission",
    "pk": 93,
    "fields": {
        "name": "Can add administrador",
        "content_type": 24,
        "codename": "add_administrador"
    }
},
{
    "model": "auth.permission",
    "pk": 94,
    "fields": {
        "name": "Can change administrador",
        "content_type": 24,
        "codename": "change_administrador"
    }
},
{
    "model": "auth.permission",
    "pk": 95,
    "fields": {
        "name": "Can delete administrador",
        "content_type": 24,
        "codename": "delete_administrador"
    }
},
{
    "model": "auth.permission",
    "pk": 96,
    "fields": {
        "name": "Can view administrador",
        "content_type": 24,
        "codename": "view_administrador"
    }
},
{
    "model": "auth.permission",
    "pk": 97,
    "fields": {
        "name": "Can add application",
        "content_type": 25,
        "codename": "add_application"
    }
},
{
    "model": "auth.permission",
    "pk": 98,
    "fields": {
        "name": "Can change application",
        "content_type": 25,
        "codename": "change_application"
    }
},
{
    "model": "auth.permission",
    "pk": 99,
    "fields": {
        "name": "Can delete application",
        "content_type": 25,
        "codename": "delete_application"
    }
},
{
    "model": "auth.permission",
    "pk": 100,
    "fields": {
        "name": "Can view application",
        "content_type": 25,
        "codename": "view_application"
    }
},
{
    "model": "auth.permission",
    "pk": 101,
    "fields": {
        "name": "Can add access token",
        "content_type": 26,
        "codename": "add_accesstoken"
    }
},
{
    "model": "auth.permission",
    "pk": 102,
    "fields": {
        "name": "Can change access token",
        "content_type": 26,
        "codename": "change_accesstoken"
    }
},
{
    "model": "auth.permission",
    "pk": 103,
    "fields": {
        "name": "Can delete access token",
        "content_type": 26,
        "codename": "delete_accesstoken"
    }
},
{
    "model": "auth.permission",
    "pk": 104,
    "fields": {
        "name": "Can view access token",
        "content_type": 26,
        "codename": "view_accesstoken"
    }
},
{
    "model": "auth.permission",
    "pk": 105,
    "fields": {
        "name": "Can add grant",
        "content_type": 27,
        "codename": "add_grant"
    }
},
{
    "model": "auth.permission",
    "pk": 106,
    "fields": {
        "name": "Can change grant",
        "content_type": 27,
        "codename": "change_grant"
    }
},
{
    "model": "auth.permission",
    "pk": 107,
    "fields": {
        "name": "Can delete grant",
        "content_type": 27,
        "codename": "delete_grant"
    }
},
{
    "model": "auth.permission",
    "pk": 108,
    "fields": {
        "name": "Can view grant",
        "content_type": 27,
        "codename": "view_grant"
    }
},
{
    "model": "auth.permission",
    "pk": 109,
    "fields": {
        "name": "Can add refresh token",
        "content_type": 28,
        "codename": "add_refreshtoken"
    }
},
{
    "model": "auth.permission",
    "pk": 110,
    "fields": {
        "name": "Can change refresh token",
        "content_type": 28,
        "codename": "change_refreshtoken"
    }
},
{
    "model": "auth.permission",
    "pk": 111,
    "fields": {
        "name": "Can delete refresh token",
        "content_type": 28,
        "codename": "delete_refreshtoken"
    }
},
{
    "model": "auth.permission",
    "pk": 112,
    "fields": {
        "name": "Can view refresh token",
        "content_type": 28,
        "codename": "view_refreshtoken"
    }
},
{
    "model": "auth.permission",
    "pk": 113,
    "fields": {
        "name": "Can add id token",
        "content_type": 29,
        "codename": "add_idtoken"
    }
},
{
    "model": "auth.permission",
    "pk": 114,
    "fields": {
        "name": "Can change id token",
        "content_type": 29,
        "codename": "change_idtoken"
    }
},
{
    "model": "auth.permission",
    "pk": 115,
    "fields": {
        "name": "Can delete id token",
        "content_type": 29,
        "codename": "delete_idtoken"
    }
},
{
    "model": "auth.permission",
    "pk": 116,
    "fields": {
        "name": "Can view id token",
        "content_type": 29,
        "codename": "view_idtoken"
    }
},
{
    "model": "auth.permission",
    "pk": 117,
    "fields": {
        "name": "Can add site",
        "content_type": 30,
        "codename": "add_site"
    }
},
{
    "model": "auth.permission",
    "pk": 118,
    "fields": {
        "name": "Can change site",
        "content_type": 30,
        "codename": "change_site"
    }
},
{
    "model": "auth.permission",
    "pk": 119,
    "fields": {
        "name": "Can delete site",
        "content_type": 30,
        "codename": "delete_site"
    }
},
{
    "model": "auth.permission",
    "pk": 120,
    "fields": {
        "name": "Can view site",
        "content_type": 30,
        "codename": "view_site"
    }
},
{
    "model": "auth.permission",
    "pk": 121,
    "fields": {
        "name": "Can add email address",
        "content_type": 31,
        "codename": "add_emailaddress"
    }
},
{
    "model": "auth.permission",
    "pk": 122,
    "fields": {
        "name": "Can change email address",
        "content_type": 31,
        "codename": "change_emailaddress"
    }
},
{
    "model": "auth.permission",
    "pk": 123,
    "fields": {
        "name": "Can delete email address",
        "content_type": 31,
        "codename": "delete_emailaddress"
    }
},
{
    "model": "auth.permission",
    "pk": 124,
    "fields": {
        "name": "Can view email address",
        "content_type": 31,
        "codename": "view_emailaddress"
    }
},
{
    "model": "auth.permission",
    "pk": 125,
    "fields": {
        "name": "Can add email confirmation",
        "content_type": 32,
        "codename": "add_emailconfirmation"
    }
},
{
    "model": "auth.permission",
    "pk": 126,
    "fields": {
        "name": "Can change email confirmation",
        "content_type": 32,
        "codename": "change_emailconfirmation"
    }
},
{
    "model": "auth.permission",
    "pk": 127,
    "fields": {
        "name": "Can delete email confirmation",
        "content_type": 32,
        "codename": "delete_emailconfirmation"
    }
},
{
    "model": "auth.permission",
    "pk": 128,
    "fields": {
        "name": "Can view email confirmation",
        "content_type": 32,
        "codename": "view_emailconfirmation"
    }
},
{
    "model": "auth.permission",
    "pk": 129,
    "fields": {
        "name": "Can add social account",
        "content_type": 33,
        "codename": "add_socialaccount"
    }
},
{
    "model": "auth.permission",
    "pk": 130,
    "fields": {
        "name": "Can change social account",
        "content_type": 33,
        "codename": "change_socialaccount"
    }
},
{
    "model": "auth.permission",
    "pk": 131,
    "fields": {
        "name": "Can delete social account",
        "content_type": 33,
        "codename": "delete_socialaccount"
    }
},
{
    "model": "auth.permission",
    "pk": 132,
    "fields": {
        "name": "Can view social account",
        "content_type": 33,
        "codename": "view_socialaccount"
    }
},
{
    "model": "auth.permission",
    "pk": 133,
    "fields": {
        "name": "Can add social application",
        "content_type": 34,
        "codename": "add_socialapp"
    }
},
{
    "model": "auth.permission",
    "pk": 134,
    "fields": {
        "name": "Can change social application",
        "content_type": 34,
        "codename": "change_socialapp"
    }
},
{
    "model": "auth.permission",
    "pk": 135,
    "fields": {
        "name": "Can delete social application",
        "content_type": 34,
        "codename": "delete_socialapp"
    }
},
{
    "model": "auth.permission",
    "pk": 136,
    "fields": {
        "name": "Can view social application",
        "content_type": 34,
        "codename": "view_socialapp"
    }
},
{
    "model": "auth.permission",
    "pk": 137,
    "fields": {
        "name": "Can add social application token",
        "content_type": 35,
        "codename": "add_socialtoken"
    }
},
{
    "model": "auth.permission",
    "pk": 138,
    "fields": {
        "name": "Can change social application token",
        "content_type": 35,
        "codename": "change_socialtoken"
    }
},
{
    "model": "auth.permission",
    "pk": 139,
    "fields": {
        "name": "Can delete social application token",
        "content_type": 35,
        "codename": "delete_socialtoken"
    }
},
{
    "model": "auth.permission",
    "pk": 140,
    "fields": {
        "name": "Can view social application token",
        "content_type": 35,
        "codename": "view_socialtoken"
    }
},
{
    "model": "auth.permission",
    "pk": 141,
    "fields": {
        "name": "Can add social application token",
        "content_type": 36,
        "codename": "add_socialtoken"
    }
},
{
    "model": "auth.permission",
    "pk": 142,
    "fields": {
        "name": "Can change social application token",
        "content_type": 36,
        "codename": "change_socialtoken"
    }
},
{
    "model": "auth.permission",
    "pk": 143,
    "fields": {
        "name": "Can delete social application token",
        "content_type": 36,
        "codename": "delete_socialtoken"
    }
},
{
    "model": "auth.permission",
    "pk": 144,
    "fields": {
        "name": "Can view social application token",
        "content_type": 36,
        "codename": "view_socialtoken"
    }
},
{
    "model": "auth.permission",
    "pk": 145,
    "fields": {
        "name": "Can add carrito compra",
        "content_type": 24,
        "codename": "add_carritocompra"
    }
},
{
    "model": "auth.permission",
    "pk": 146,
    "fields": {
        "name": "Can change carrito compra",
        "content_type": 24,
        "codename": "change_carritocompra"
    }
},
{
    "model": "auth.permission",
    "pk": 147,
    "fields": {
        "name": "Can delete carrito compra",
        "content_type": 24,
        "codename": "delete_carritocompra"
    }
},
{
    "model": "auth.permission",
    "pk": 148,
    "fields": {
        "name": "Can view carrito compra",
        "content_type": 24,
        "codename": "view_carritocompra"
    }
},
{
    "model": "auth.permission",
    "pk": 149,
    "fields": {
        "name": "Can add administrador",
        "content_type": 25,
        "codename": "add_administrador"
    }
},
{
    "model": "auth.permission",
    "pk": 150,
    "fields": {
        "name": "Can change administrador",
        "content_type": 25,
        "codename": "change_administrador"
    }
},
{
    "model": "auth.permission",
    "pk": 151,
    "fields": {
        "name": "Can delete administrador",
        "content_type": 25,
        "codename": "delete_administrador"
    }
},
{
    "model": "auth.permission",
    "pk": 152,
    "fields": {
        "name": "Can view administrador",
        "content_type": 25,
        "codename": "view_administrador"
    }
},
{
    "model": "auth.permission",
    "pk": 153,
    "fields": {
        "name": "Can add application",
        "content_type": 26,
        "codename": "add_application"
    }
},
{
    "model": "auth.permission",
    "pk": 154,
    "fields": {
        "name": "Can change application",
        "content_type": 26,
        "codename": "change_application"
    }
},
{
    "model": "auth.permission",
    "pk": 155,
    "fields": {
        "name": "Can delete application",
        "content_type": 26,
        "codename": "delete_application"
    }
},
{
    "model": "auth.permission",
    "pk": 156,
    "fields": {
        "name": "Can view application",
        "content_type": 26,
        "codename": "view_application"
    }
},
{
    "model": "auth.permission",
    "pk": 157,
    "fields": {
        "name": "Can add access token",
        "content_type": 27,
        "codename": "add_accesstoken"
    }
},
{
    "model": "auth.permission",
    "pk": 158,
    "fields": {
        "name": "Can change access token",
        "content_type": 27,
        "codename": "change_accesstoken"
    }
},
{
    "model": "auth.permission",
    "pk": 159,
    "fields": {
        "name": "Can delete access token",
        "content_type": 27,
        "codename": "delete_accesstoken"
    }
},
{
    "model": "auth.permission",
    "pk": 160,
    "fields": {
        "name": "Can view access token",
        "content_type": 27,
        "codename": "view_accesstoken"
    }
},
{
    "model": "auth.permission",
    "pk": 161,
    "fields": {
        "name": "Can add grant",
        "content_type": 28,
        "codename": "add_grant"
    }
},
{
    "model": "auth.permission",
    "pk": 162,
    "fields": {
        "name": "Can change grant",
        "content_type": 28,
        "codename": "change_grant"
    }
},
{
    "model": "auth.permission",
    "pk": 163,
    "fields": {
        "name": "Can delete grant",
        "content_type": 28,
        "codename": "delete_grant"
    }
},
{
    "model": "auth.permission",
    "pk": 164,
    "fields": {
        "name": "Can view grant",
        "content_type": 28,
        "codename": "view_grant"
    }
},
{
    "model": "auth.permission",
    "pk": 165,
    "fields": {
        "name": "Can add refresh token",
        "content_type": 29,
        "codename": "add_refreshtoken"
    }
},
{
    "model": "auth.permission",
    "pk": 166,
    "fields": {
        "name": "Can change refresh token",
        "content_type": 29,
        "codename": "change_refreshtoken"
    }
},
{
    "model": "auth.permission",
    "pk": 167,
    "fields": {
        "name": "Can delete refresh token",
        "content_type": 29,
        "codename": "delete_refreshtoken"
    }
},
{
    "model": "auth.permission",
    "pk": 168,
    "fields": {
        "name": "Can view refresh token",
        "content_type": 29,
        "codename": "view_refreshtoken"
    }
},
{
    "model": "auth.permission",
    "pk": 169,
    "fields": {
        "name": "Can add id token",
        "content_type": 30,
        "codename": "add_idtoken"
    }
},
{
    "model": "auth.permission",
    "pk": 170,
    "fields": {
        "name": "Can change id token",
        "content_type": 30,
        "codename": "change_idtoken"
    }
},
{
    "model": "auth.permission",
    "pk": 171,
    "fields": {
        "name": "Can delete id token",
        "content_type": 30,
        "codename": "delete_idtoken"
    }
},
{
    "model": "auth.permission",
    "pk": 172,
    "fields": {
        "name": "Can view id token",
        "content_type": 30,
        "codename": "view_idtoken"
    }
},
{
    "model": "auth.permission",
    "pk": 173,
    "fields": {
        "name": "Can add site",
        "content_type": 31,
        "codename": "add_site"
    }
},
{
    "model": "auth.permission",
    "pk": 174,
    "fields": {
        "name": "Can change site",
        "content_type": 31,
        "codename": "change_site"
    }
},
{
    "model": "auth.permission",
    "pk": 175,
    "fields": {
        "name": "Can delete site",
        "content_type": 31,
        "codename": "delete_site"
    }
},
{
    "model": "auth.permission",
    "pk": 176,
    "fields": {
        "name": "Can view site",
        "content_type": 31,
        "codename": "view_site"
    }
},
{
    "model": "auth.permission",
    "pk": 177,
    "fields": {
        "name": "Can add email address",
        "content_type": 32,
        "codename": "add_emailaddress"
    }
},
{
    "model": "auth.permission",
    "pk": 178,
    "fields": {
        "name": "Can change email address",
        "content_type": 32,
        "codename": "change_emailaddress"
    }
},
{
    "model": "auth.permission",
    "pk": 179,
    "fields": {
        "name": "Can delete email address",
        "content_type": 32,
        "codename": "delete_emailaddress"
    }
},
{
    "model": "auth.permission",
    "pk": 180,
    "fields": {
        "name": "Can view email address",
        "content_type": 32,
        "codename": "view_emailaddress"
    }
},
{
    "model": "auth.permission",
    "pk": 181,
    "fields": {
        "name": "Can add email confirmation",
        "content_type": 33,
        "codename": "add_emailconfirmation"
    }
},
{
    "model": "auth.permission",
    "pk": 182,
    "fields": {
        "name": "Can change email confirmation",
        "content_type": 33,
        "codename": "change_emailconfirmation"
    }
},
{
    "model": "auth.permission",
    "pk": 183,
    "fields": {
        "name": "Can delete email confirmation",
        "content_type": 33,
        "codename": "delete_emailconfirmation"
    }
},
{
    "model": "auth.permission",
    "pk": 184,
    "fields": {
        "name": "Can view email confirmation",
        "content_type": 33,
        "codename": "view_emailconfirmation"
    }
},
{
    "model": "auth.permission",
    "pk": 185,
    "fields": {
        "name": "Can add social account",
        "content_type": 34,
        "codename": "add_socialaccount"
    }
},
{
    "model": "auth.permission",
    "pk": 186,
    "fields": {
        "name": "Can change social account",
        "content_type": 34,
        "codename": "change_socialaccount"
    }
},
{
    "model": "auth.permission",
    "pk": 187,
    "fields": {
        "name": "Can delete social account",
        "content_type": 34,
        "codename": "delete_socialaccount"
    }
},
{
    "model": "auth.permission",
    "pk": 188,
    "fields": {
        "name": "Can view social account",
        "content_type": 34,
        "codename": "view_socialaccount"
    }
},
{
    "model": "auth.permission",
    "pk": 189,
    "fields": {
        "name": "Can add social application",
        "content_type": 35,
        "codename": "add_socialapp"
    }
},
{
    "model": "auth.permission",
    "pk": 190,
    "fields": {
        "name": "Can change social application",
        "content_type": 35,
        "codename": "change_socialapp"
    }
},
{
    "model": "auth.permission",
    "pk": 191,
    "fields": {
        "name": "Can delete social application",
        "content_type": 35,
        "codename": "delete_socialapp"
    }
},
{
    "model": "auth.permission",
    "pk": 192,
    "fields": {
        "name": "Can view social application",
        "content_type": 35,
        "codename": "view_socialapp"
    }
},
{
    "model": "auth.group",
    "pk": 1,
    "fields": {
        "name": "Gerente",
        "permissions": [
            97,
            98,
            99,
            100,
            93,
            94,
            95,
            96,
            21,
            22,
            23,
            24,
            25,
            26,
            27,
            28,
            89,
            90,
            91,
            92,
            85,
            86,
            87,
            88,
            81,
            82,
            83,
            84,
            77,
            78,
            79,
            80,
            29,
            30,
            31,
            32,
            73,
            74,
            75,
            76,
            69,
            70,
            71,
            72,
            65,
            66,
            67,
            68,
            33,
            34,
            35,
            36,
            61,
            62,
            63,
            64,
            37,
            38,
            39,
            40,
            57,
            58,
            59,
            60,
            53,
            54,
            55,
            56,
            41,
            42,
            43,
            44,
            45,
            46,
            47,
            48,
            49,
            50,
            51,
            52,
            1,
            2,
            3,
            4,
            9,
            10,
            11,
            12,
            5,
            6,
            7,
            8,
            13,
            14,
            15,
            16,
            105,
            106,
            107,
            108,
            101,
            102,
            103,
            104,
            109,
            110,
            111,
            112,
            113,
            114,
            115,
            116,
            17,
            18,
            19,
            20
        ]
    }
},
{
    "model": "auth.group",
    "pk": 2,
    "fields": {
        "name": "Administrador",
        "permissions": [
            97,
            98,
            99,
            100,
            93,
            94,
            95,
            96,
            21,
            22,
            23,
            24,
            25,
            26,
            27,
            28,
            89,
            90,
            91,
            92,
            85,
            86,
            87,
            88,
            81,
            82,
            83,
            84,
            77,
            78,
            79,
            80,
            29,
            30,
            31,
            32,
            73,
            74,
            75,
            76,
            69,
            70,
            71,
            72,
            65,
            66,
            67,
            68,
            33,
            34,
            35,
            36,
            61,
            62,
            63,
            64,
            37,
            38,
            39,
            40,
            57,
            58,
            59,
            60,
            53,
            54,
            55,
            56,
            41,
            42,
            43,
            44,
            45,
            46,
            47,
            48,
            49,
            50,
            51,
            52,
            125,
            126,
            127,
            128,
            129,
            130,
            131,
            132,
            1,
            2,
            3,
            4,
            9,
            10,
            11,
            12,
            5,
            6,
            7,
            8,
            13,
            14,
            15,
            16,
            105,
            106,
            107,
            108,
            101,
            102,
            103,
            104,
            109,
            110,
            111,
            112,
            117,
            118,
            119,
            120,
            113,
            114,
            115,
            116,
            17,
            18,
            19,
            20,
            121,
            122,
            123,
            124,
            133,
            134,
            135,
            136,
            137,
            138,
            139,
            140
        ]
    }
},
{
    "model": "auth.group",
    "pk": 3,
    "fields": {
        "name": "Cliente",
        "permissions": [
            32,
            36,
            64,
            60,
            49,
            50,
            51,
            52
        ]
    }
},
{
    "model": "auth.group",
    "pk": 4,
    "fields": {
        "name": "Empleado",
        "permissions": [
            21,
            22,
            24,
            25,
            28,
            92,
            88,
            84,
            32,
            72,
            36,
            64,
            57,
            58,
            59,
            60,
            50,
            51,
            52
        ]
    }
},
{
    "model": "contenttypes.contenttype",
    "pk": 1,
    "fields": {
        "app_label": "admin",
        "model": "logentry"
    }
},
{
    "model": "contenttypes.contenttype",
    "pk": 2,
    "fields": {
        "app_label": "auth",
        "model": "permission"
    }
},
{
    "model": "contenttypes.contenttype",
    "pk": 3,
    "fields": {
        "app_label": "auth",
        "model": "group"
    }
},
{
    "model": "contenttypes.contenttype",
    "pk": 4,
    "fields": {
        "app_label": "contenttypes",
        "model": "contenttype"
    }
},
{
    "model": "contenttypes.contenttype",
    "pk": 5,
    "fields": {
        "app_label": "sessions",
        "model": "session"
    }
},
{
    "model": "contenttypes.contenttype",
    "pk": 6,
    "fields": {
        "app_label": "App_Farmacia",
        "model": "cliente"
    }
},
{
    "model": "contenttypes.contenttype",
    "pk": 7,
    "fields": {
        "app_label": "App_Farmacia",
        "model": "compra"
    }
},
{
    "model": "contenttypes.contenttype",
    "pk": 8,
    "fields": {
        "app_label": "App_Farmacia",
        "model": "farmacia"
    }
},
{
    "model": "contenttypes.contenttype",
    "pk": 9,
    "fields": {
        "app_label": "App_Farmacia",
        "model": "producto"
    }
},
{
    "model": "contenttypes.contenttype",
    "pk": 10,
    "fields": {
        "app_label": "App_Farmacia",
        "model": "proveedor"
    }
},
{
    "model": "contenttypes.contenttype",
    "pk": 11,
    "fields": {
        "app_label": "App_Farmacia",
        "model": "uploadedfile"
    }
},
{
    "model": "contenttypes.contenttype",
    "pk": 12,
    "fields": {
        "app_label": "App_Farmacia",
        "model": "usuario"
    }
},
{
    "model": "contenttypes.contenttype",
    "pk": 13,
    "fields": {
        "app_label": "App_Farmacia",
        "model": "votacion"
    }
},
{
    "model": "contenttypes.contenttype",
    "pk": 14,
    "fields": {
        "app_label": "App_Farmacia",
        "model": "suministroproducto"
    }
},
{
    "model": "contenttypes.contenttype",
    "pk": 15,
    "fields": {
        "app_label": "App_Farmacia",
        "model": "subscripcion"
    }
},
{
    "model": "contenttypes.contenttype",
    "pk": 16,
    "fields": {
        "app_label": "App_Farmacia",
        "model": "promocion"
    }
},
{
    "model": "contenttypes.contenttype",
    "pk": 17,
    "fields": {
        "app_label": "App_Farmacia",
        "model": "pago"
    }
},
{
    "model": "contenttypes.contenttype",
    "pk": 18,
    "fields": {
        "app_label": "App_Farmacia",
        "model": "historialcliente"
    }
},
{
    "model": "contenttypes.contenttype",
    "pk": 19,
    "fields": {
        "app_label": "App_Farmacia",
        "model": "gerente"
    }
},
{
    "model": "contenttypes.contenttype",
    "pk": 20,
    "fields": {
        "app_label": "App_Farmacia",
        "model": "empleado"
    }
},
{
    "model": "contenttypes.contenttype",
    "pk": 21,
    "fields": {
        "app_label": "App_Farmacia",
        "model": "detalleproducto"
    }
},
{
    "model": "contenttypes.contenttype",
    "pk": 22,
    "fields": {
        "app_label": "App_Farmacia",
        "model": "detallecompra"
    }
},
{
    "model": "contenttypes.contenttype",
    "pk": 23,
    "fields": {
        "app_label": "App_Farmacia",
        "model": "datosfarmacia"
    }
},
{
    "model": "contenttypes.contenttype",
    "pk": 24,
    "fields": {
        "app_label": "App_Farmacia",
        "model": "carritocompra"
    }
},
{
    "model": "contenttypes.contenttype",
    "pk": 25,
    "fields": {
        "app_label": "App_Farmacia",
        "model": "administrador"
    }
},
{
    "model": "contenttypes.contenttype",
    "pk": 26,
    "fields": {
        "app_label": "oauth2_provider",
        "model": "application"
    }
},
{
    "model": "contenttypes.contenttype",
    "pk": 27,
    "fields": {
        "app_label": "oauth2_provider",
        "model": "accesstoken"
    }
},
{
    "model": "contenttypes.contenttype",
    "pk": 28,
    "fields": {
        "app_label": "oauth2_provider",
        "model": "grant"
    }
},
{
    "model": "contenttypes.contenttype",
    "pk": 29,
    "fields": {
        "app_label": "oauth2_provider",
        "model": "refreshtoken"
    }
},
{
    "model": "contenttypes.contenttype",
    "pk": 30,
    "fields": {
        "app_label": "oauth2_provider",
        "model": "idtoken"
    }
},
{
    "model": "contenttypes.contenttype",
    "pk": 31,
    "fields": {
        "app_label": "sites",
        "model": "site"
    }
},
{
    "model": "contenttypes.contenttype",
    "pk": 32,
    "fields": {
        "app_label": "account",
        "model": "emailaddress"
    }
},
{
    "model": "contenttypes.contenttype",
    "pk": 33,
    "fields": {
        "app_label": "account",
        "model": "emailconfirmation"
    }
},
{
    "model": "contenttypes.contenttype",
    "pk": 34,
    "fields": {
        "app_label": "socialaccount",
        "model": "socialaccount"
    }
},
{
    "model": "contenttypes.contenttype",
    "pk": 35,
    "fields": {
        "app_label": "socialaccount",
        "model": "socialapp"
    }
},
{
    "model": "contenttypes.contenttype",
    "pk": 36,
    "fields": {
        "app_label": "socialaccount",
        "model": "socialtoken"
    }
},
{
    "model": "sessions.session",
    "pk": "1kp68l6sf677bbkh57obpcv14ftbo4hh",
    "fields": {
        "session_data": ".eJxVjEEOgjAQRe_StWlmmI4Ul-45QzPttIIaSCisjHdXEha6_e-9_zJBtnUIW81LGNVcDJrT7xYlPfK0A73LdJttmqd1GaPdFXvQavtZ8_N6uH8Hg9ThWxdiJGkwIrbsMhNBdKUR6HLnCxcPSVGxgQ40ARU5kzry0TnmFhjM-wPBgDbD:1rfPSy:B2s2PTvbT1oPpz4vNQ0_Xehmfr86Lgu2ypTYi1SY79Y",
        "expire_date": "2024-03-13T19:19:44.327Z"
    }
},
{
    "model": "sessions.session",
    "pk": "2s7h9avh2n9k9xqws44wu87vgah2h5mu",
    "fields": {
        "session_data": ".eJxtkM1uxCAMhF-l4hxl-UliyLH3PkFVITCQ0KZQJaSX1b57STeXrXqzPPON7LmS4HE2OqaIMZORcHqh_MIp754oG2lPGmIQ856KNnuZfSoRTYk56U9f5uw2Mr5eyX2u-JYxmuUkDraQkQGVQkLf87aOwCU05GvN39H5tSJTztPiq3ePRwJjFEAp4JxLqeTAlWKM3N4a8nuA3je_6rtTkIelNfjh06G4d5Om3GJOZY22PSztqW7tS3Z-eT69DwGz2eZKB5CAYBVCkEE5dBaC80ZaHIBy7IQYqh4sZWCcqL9aPyjme0GNgy7I_yvzTv8tQ3ZSwe0Hyvl6VQ:1rcDdw:j4AJmj4TJI1dhr9GfTV5h_uRegxtG-Tn8aM9Bi8GsIM",
        "expire_date": "2024-03-05T00:05:52.218Z"
    }
},
{
    "model": "sessions.session",
    "pk": "4by9yltnvl37kcnnfz0t9rl6eebztdms",
    "fields": {
        "session_data": ".eJxVjEEOgjAQRe_StWlmmI4Ul-45QzPttIIaSCisjHdXEha6_e-9_zJBtnUIW81LGNVcDJrT7xYlPfK0A73LdJttmqd1GaPdFXvQavtZ8_N6uH8Hg9ThWxdiJGkwIrbsMhNBdKUR6HLnCxcPSVGxgQ40ARU5kzry0TnmFhjM-wPBgDbD:1riLhl:hXU9nNrtLL5sCyd8_-OVeg3wOsDKMgeHi4acIpdu6B8",
        "expire_date": "2024-03-21T21:55:09.333Z"
    }
},
{
    "model": "sessions.session",
    "pk": "4gs49uq6ih5b97bz5fxj1ik15v03tfn8",
    "fields": {
        "session_data": ".eJxVjDkOwjAQRa-CXCNnxgtxUtJzBmu8YQOypSwV4u4kUgpo_3v_vZmldcl2neNkS2AjQ3b-3Rz5Z6w7CA-q98Z9q8tUHN8VftCZ31qIr-vh_gUyzXl7J6lRkkCH2GsVtZTgVBIEQxxM0smADxhQwADBg0x0kUFJ45TSugcNWzRFn8mWWnxpW1GYDkQnQKgTihEM-3wBsFU_mQ:1rfHnw:hlWZkTtp_yGPRYivOl4eY0BnxE0kYHSJDsslBjVjl68",
        "expire_date": "2024-03-13T11:08:52.095Z"
    }
},
{
    "model": "sessions.session",
    "pk": "4iqih1o1snmhrrww6honsjr37kqmvy53",
    "fields": {
        "session_data": "eyJmZWNoYV9pbmljaW8iOiIyOC8wMi8yMDI0IDEyOjA5In0:1rfHoo:PaeHj54oIDpi0heoH6-LOkt-ruXUZ4hfVodpVUD-pL8",
        "expire_date": "2024-03-13T11:09:46.159Z"
    }
},
{
    "model": "sessions.session",
    "pk": "6ay652sn1q7frwi8rnpjad4270bj2e8q",
    "fields": {
        "session_data": ".eJxVjDsOwyAQBa8SUUd4WSDGLtPnDGj5BZIIJH-qKHePLblx-2bmfVmKPpMttfjS2Miw7wA7BFQXgBENuzJL65LtOsfJlrAp4rw58u9YdxBeVJ-N-1aXqTi-K_ygM3-0ED_3wz0dZJrzViephSQUToheq6ilBKcSEgxxMEknAz6IIBAGCB5kopsMShqnlNY9aGC_P2JGP5c:1rekQT:HucU3dHy7_fx82wzhoBDjVxO2lolBsi3rWTEdfqVU3g",
        "expire_date": "2024-03-11T23:30:25.739Z"
    }
},
{
    "model": "sessions.session",
    "pk": "7p9xvvop12tvkdl65sjk14sh8eoksgxy",
    "fields": {
        "session_data": ".eJxVjDkOwjAQRa-CXCNnxgtxUtJzBmu8YQOypSwV4u4kUgpo_3v_vZmldcl2neNkS2AjQ3b-3Rz5Z6w7CA-q98Z9q8tUHN8VftCZ31qIr-vh_gUyzXl7J6lRkkCH2GsVtZTgVBIEQxxM0smADxhQwADBg0x0kUFJ45TSugcNWzRFn8mWWnxpW1GYDkQnQKgTmhGRfb6waD-Z:1rfNTH:dEtnG-djonM3U5VUPXd0m2iAJfVqP5gYYUZRcButhNU",
        "expire_date": "2024-03-13T17:11:55.793Z"
    }
},
{
    "model": "sessions.session",
    "pk": "7t9d5xhlfc34swaprmv1daovgiv9eypw",
    "fields": {
        "session_data": ".eJxVjEEOgjAQRe_StWlmmI4Ul-45QzPttIIaSCisjHdXEha6_e-9_zJBtnUIW81LGNVcDJrT7xYlPfK0A73LdJttmqd1GaPdFXvQavtZ8_N6uH8Hg9ThWxdiJGkwIrbsMhNBdKUR6HLnCxcPSVGxgQ40ARU5kzry0TnmFhjM-wPBgDbD:1rfQIy:BPP1K4tkf4Z1-lC7JoxSMpZUyqZtAs9PtXl_G6m057k",
        "expire_date": "2024-03-13T20:13:28.964Z"
    }
},
{
    "model": "sessions.session",
    "pk": "7yq7xlq6bhzn4ywajun4pdza8b963km3",
    "fields": {
        "session_data": ".eJxVjEEOgjAQRe_StWlmmI4Ul-45QzPttIIaSCisjHdXEha6_e-9_zJBtnUIW81LGNVcDJrT7xYlPfK0A73LdJttmqd1GaPdFXvQavtZ8_N6uH8Hg9ThWxdiJGkwIrbsMhNBdKUR6HLnCxcPSVGxgQ40ARU5kzry0TnmFhjM-wPBgDbD:1rfQnf:C7hKAJ6MawziDCK90Rg0s5C2R8I8PjDz3GdRsVmDAsw",
        "expire_date": "2024-03-13T20:45:11.286Z"
    }
},
{
    "model": "sessions.session",
    "pk": "e3ta0z83xesbxdin3psavwcffs6srvuj",
    "fields": {
        "session_data": "eyJmZWNoYV9pbmljaW8iOiIyOC8wMi8yMDI0IDIwOjU3In0:1rfQ3d:vW_2MvNoGjdRcOSTeB5z5ZTwljTVhRr_18YWFgQ1Smo",
        "expire_date": "2024-03-13T19:57:37.248Z"
    }
},
{
    "model": "sessions.session",
    "pk": "fxn9127bwavapqm44znj58g3fm693p4t",
    "fields": {
        "session_data": ".eJxVjDkOwjAQRa-CXCNnxmNnK-k5gzXeiAHZUpYKcXeIlCbtf-_9j0jRT2xzyT5XMQqkBlSjQOkLtqMicRWWt3Wy2xJnm8OunDfH_hXLDsKTy6NKX8s6Zyd3RR50kfca4vt2uKeDiZfpXycySKzQIXZGR0METifFMMShTyb14AMGVDBA8ECJWwqaeqe1MR0YEN8fYA4_lA:1rZudh:B196F24bTrZUNvEqo-W1250giL976ex6zLr2DtmdccA",
        "expire_date": "2024-02-27T15:24:05.053Z"
    }
},
{
    "model": "sessions.session",
    "pk": "hz5i7e33q0iogydm9zmavow2xq12gs9r",
    "fields": {
        "session_data": "eyJmZWNoYV9pbmljaW8iOiIyOC8wMi8yMDI0IDIxOjAxIn0:1rfQ79:gjvm-rZJOKQifHw0RHArIwBwfMvL5ofZITYBpN33gU4",
        "expire_date": "2024-03-13T20:01:15.763Z"
    }
},
{
    "model": "sessions.session",
    "pk": "klpwvlj65zo0i08xodp3abhcj927op93",
    "fields": {
        "session_data": ".eJxVjEEOgjAQRe_StWlmmI4Ul-45QzPttIIaSCisjHdXEha6_e-9_zJBtnUIW81LGNVcDJrT7xYlPfK0A73LdJttmqd1GaPdFXvQavtZ8_N6uH8Hg9ThWxdiJGkwIrbsMhNBdKUR6HLnCxcPSVGxgQ40ARU5kzry0TnmFhjM-wPBgDbD:1rfQWq:gLMoDZs-zaEygCrzQ9WuGxkYBh_snER1L9ROj2qAmeU",
        "expire_date": "2024-03-13T20:27:48.892Z"
    }
},
{
    "model": "sessions.session",
    "pk": "naonwjeoexxwqsldecb5pa0ehac4cw5p",
    "fields": {
        "session_data": ".eJxVjEEOgjAQRe_StWlmmI4Ul-45QzPttIIaSCisjHdXEha6_e-9_zJBtnUIW81LGNVcDJrT7xYlPfK0A73LdJttmqd1GaPdFXvQavtZ8_N6uH8Hg9ThWxdiJGkwIrbsMhNBdKUR6HLnCxcPSVGxgQ40ARU5kzry0TnmFhjM-wPBgDbD:1rfPES:ByjzU3duXaoe1xT8nd-_XmsANHQZPmao3_8AoVegqcY",
        "expire_date": "2024-03-13T19:04:44.638Z"
    }
},
{
    "model": "sessions.session",
    "pk": "qa1h2v4xgtzf6yo8zn83xdkyx7resd56",
    "fields": {
        "session_data": "eyJmZWNoYV9pbmljaW8iOiIyOC8wMi8yMDI0IDEyOjI1In0:1rfI3j:CBjyyiKuX1ZoNryGpHM-NGkMdPl0V7aTBXwY7C6e2yk",
        "expire_date": "2024-03-13T11:25:11.804Z"
    }
},
{
    "model": "sessions.session",
    "pk": "qoh58gfspxnetgkgaccgca17swisfvlr",
    "fields": {
        "session_data": ".eJxVjEEOgjAQRe_StWlmmI4Ul-45QzPttIIaSCisjHdXEha6_e-9_zJBtnUIW81LGNVcDJrT7xYlPfK0A73LdJttmqd1GaPdFXvQavtZ8_N6uH8Hg9ThWxdiJGkwIrbsMhNBdKUR6HLnCxcPSVGxgQ40ARU5kzry0TnmFhjM-wPBgDbD:1rfQaC:RQ3iM0OC_tX8I91kW2sLUO3eiLt6ER7l8lq9JitSsuk",
        "expire_date": "2024-03-13T20:31:16.206Z"
    }
},
{
    "model": "sessions.session",
    "pk": "r6dye2kvm031mlj6xmisdoswkygs5vuh",
    "fields": {
        "session_data": "eyJmZWNoYV9pbmljaW8iOiIyOC8wMi8yMDI0IDExOjQ3In0:1rfHTh:7TnNmOppdxd6wGYTMhieBoFmXzNrXK9z0tJzrCtjtdA",
        "expire_date": "2024-03-13T10:47:57.973Z"
    }
},
{
    "model": "sessions.session",
    "pk": "txwmnbgfgmm2r0y3zyzr4gzt3mnpva9z",
    "fields": {
        "session_data": ".eJxVjEEOgjAQRe_StWlmmI4Ul-45QzPttIIaSCisjHdXEha6_e-9_zJBtnUIW81LGNVcDJrT7xYlPfK0A73LdJttmqd1GaPdFXvQavtZ8_N6uH8Hg9ThWxdiJGkwIrbsMhNBdKUR6HLnCxcPSVGxgQ40ARU5kzry0TnmFhjM-wPBgDbD:1rfNUQ:mgvrfAIuiHEDP1UFSYi9a-UvTYtAQ29fClFgGTNDPlY",
        "expire_date": "2024-03-13T17:13:06.372Z"
    }
},
{
    "model": "sessions.session",
    "pk": "vpmonmbus0k3f6i6y1cwumt86q5ptqaw",
    "fields": {
        "session_data": "eyJmZWNoYV9pbmljaW8iOiIwOC8wMy8yMDI0IDAzOjMzIn0:1riQ3R:QkSu2HH32aiYC1OTBnfjYg7FI4i1FXjd_U0VhFITCrk",
        "expire_date": "2024-03-22T02:33:49.255Z"
    }
},
{
    "model": "sessions.session",
    "pk": "zqcq7lc8uu73zjxu68bd0263ouzrj1v5",
    "fields": {
        "session_data": "eyJmZWNoYV9pbmljaW8iOiIyNy8wMi8yMDI0IDAwOjMyIn0:1rekS1:hjXtC_Xj0Ojblg2VI6QtqzALH4oRsajeWA9oSeCdosg",
        "expire_date": "2024-03-11T23:32:01.471Z"
    }
},
{
    "model": "App_Farmacia.usuario",
    "pk": 1,
    "fields": {
        "password": "pbkdf2_sha256$600000$yY8cmvjEnbjUllC8YcStCo$haXVaZNzuE1DCKNMP9bbYWwLOE7vfp1X1mjr88pbsSg=",
        "last_login": "2024-03-07T21:55:09.310Z",
        "is_superuser": true,
        "username": "admin",
        "first_name": "",
        "last_name": "",
        "email": "admin@gmail.com",
        "is_staff": true,
        "is_active": true,
        "date_joined": "2024-02-13T14:48:29.208Z",
        "rol": 1,
        "groups": [],
        "user_permissions": []
    }
},
{
    "model": "App_Farmacia.usuario",
    "pk": 2,
    "fields": {
        "password": "pbkdf2_sha256$600000$YHDkUwvBqPTS0wCIuGpgN4$PqZlDO0SMNkZygUgkZiAGfVaKqIB0KF2ctHuUZ18viI=",
        "last_login": null,
        "is_superuser": false,
        "username": "sanmartin_manager",
        "first_name": "Javier Pérez González",
        "last_name": "",
        "email": "javier.perez@example.com",
        "is_staff": false,
        "is_active": true,
        "date_joined": "2024-02-13T15:10:15Z",
        "rol": 4,
        "groups": [],
        "user_permissions": []
    }
},
{
    "model": "App_Farmacia.usuario",
    "pk": 3,
    "fields": {
        "password": "pbkdf2_sha256$600000$9b66Qp3GCew97akVJ4eSsc$04dNbsbU9Gkidjs7tJyshWyqlKfvzr6U5q4idAI5RIU=",
        "last_login": null,
        "is_superuser": false,
        "username": "santaclara_manager",
        "first_name": "María Rodríguez López",
        "last_name": "",
        "email": "maria.rodriguez@example.com",
        "is_staff": false,
        "is_active": true,
        "date_joined": "2024-02-13T15:13:09Z",
        "rol": 4,
        "groups": [],
        "user_permissions": []
    }
},
{
    "model": "App_Farmacia.usuario",
    "pk": 4,
    "fields": {
        "password": "pbkdf2_sha256$600000$MLQchGgibwn0wZXQCZVHXE$I0/26lsKC+spN15H1dVw5cqzT4WFus9E/UByhOsEYw0=",
        "last_login": null,
        "is_superuser": false,
        "username": "elsol_manager",
        "first_name": "Alejandro Martínez Ruiz",
        "last_name": "",
        "email": "alejandro.martinez@example.com",
        "is_staff": false,
        "is_active": true,
        "date_joined": "2024-02-13T15:13:59Z",
        "rol": 4,
        "groups": [],
        "user_permissions": []
    }
},
{
    "model": "App_Farmacia.usuario",
    "pk": 5,
    "fields": {
        "password": "pbkdf2_sha256$600000$7hl0G83f2s2KJ2pzljqnal$RQr7h8yLfCbH5ZJf6TkTeF4qImQe6R22QqtMIVfcANI=",
        "last_login": null,
        "is_superuser": false,
        "username": "laesperanza_manager",
        "first_name": "Laura Gómez García",
        "last_name": "",
        "email": "laura.gomez@example.com",
        "is_staff": false,
        "is_active": true,
        "date_joined": "2024-02-13T15:14:43Z",
        "rol": 4,
        "groups": [],
        "user_permissions": []
    }
},
{
    "model": "App_Farmacia.usuario",
    "pk": 6,
    "fields": {
        "password": "pbkdf2_sha256$600000$VDohmY1ChRnuSOBagIdzhT$esNLsDLVvkNL0ucZqd0dUL4mqJPzpr7tf5APYZLFPfk=",
        "last_login": null,
        "is_superuser": false,
        "username": "sanjose_manager",
        "first_name": "Carlos Sánchez Rodríguez",
        "last_name": "",
        "email": "carlos.sanchez@example.com",
        "is_staff": false,
        "is_active": true,
        "date_joined": "2024-02-13T15:15:24Z",
        "rol": 4,
        "groups": [],
        "user_permissions": []
    }
},
{
    "model": "App_Farmacia.usuario",
    "pk": 7,
    "fields": {
        "password": "pbkdf2_sha256$600000$jy43YPasY1SIjlDnXvZSgm$EkVrfjJ5GlhIp8BWkXrmI2NNY9Bn7VKtg2Kdp8ZsTcA=",
        "last_login": null,
        "is_superuser": false,
        "username": "lasalud_manager",
        "first_name": "Marta López Martínez",
        "last_name": "",
        "email": "marta.lopez@example.com",
        "is_staff": false,
        "is_active": true,
        "date_joined": "2024-02-13T15:16:06Z",
        "rol": 4,
        "groups": [],
        "user_permissions": []
    }
},
{
    "model": "App_Farmacia.usuario",
    "pk": 8,
    "fields": {
        "password": "pbkdf2_sha256$600000$EoVxglwLZOlfCYvu4JORka$rr3bBIzrFZMmThVavIoeKqNts3y187v2QmZptZhfUY0=",
        "last_login": null,
        "is_superuser": false,
        "username": "elbienestar_manager",
        "first_name": "Alberto Pérez García",
        "last_name": "",
        "email": "alberto.perez@example.com",
        "is_staff": false,
        "is_active": true,
        "date_joined": "2024-02-13T15:16:46Z",
        "rol": 4,
        "groups": [],
        "user_permissions": []
    }
},
{
    "model": "App_Farmacia.usuario",
    "pk": 9,
    "fields": {
        "password": "pbkdf2_sha256$600000$UPE6nPUohk9sDUy0RJNux4$HkvqpNAxrCau+yeDMK6I8MPdpg0k4yAJx2dWOxCPnOs=",
        "last_login": null,
        "is_superuser": false,
        "username": "lapaz_manager",
        "first_name": "Laura Martín Sánchez",
        "last_name": "",
        "email": "laura.martin@example.com",
        "is_staff": false,
        "is_active": true,
        "date_joined": "2024-02-13T15:17:27Z",
        "rol": 4,
        "groups": [],
        "user_permissions": []
    }
},
{
    "model": "App_Farmacia.usuario",
    "pk": 10,
    "fields": {
        "password": "pbkdf2_sha256$600000$mlD2qaRSQokJeO3kpoWS19$/18sTWX8nLkd++9Q21bkhaIq///pjjGQ0GuuvpVOnzU=",
        "last_login": null,
        "is_superuser": false,
        "username": "guadalupe_manager",
        "first_name": "Juan García Pérez",
        "last_name": "",
        "email": "juan.garcia@example.com",
        "is_staff": false,
        "is_active": true,
        "date_joined": "2024-02-13T15:18:07Z",
        "rol": 4,
        "groups": [],
        "user_permissions": []
    }
},
{
    "model": "App_Farmacia.usuario",
    "pk": 11,
    "fields": {
        "password": "pbkdf2_sha256$600000$7h8eQ0mFFmL6rOWhI8SJyV$i3iPDuQKlhWgQexQ66Qo5X2L4r8TzXlecmEwcsMflPI=",
        "last_login": null,
        "is_superuser": false,
        "username": "laamistad_manager",
        "first_name": "Ana López Rodríguez",
        "last_name": "",
        "email": "ana.lopez@example.com",
        "is_staff": false,
        "is_active": true,
        "date_joined": "2024-02-13T15:19:01Z",
        "rol": 4,
        "groups": [],
        "user_permissions": []
    }
},
{
    "model": "App_Farmacia.usuario",
    "pk": 12,
    "fields": {
        "password": "pbkdf2_sha256$600000$Ot0uqveauYesQyqTTSHkQn$mGGCTXn+9d/KbTbRt14nS+Vjmn6FHg76xLLEGBnB+Zw=",
        "last_login": "2024-02-13T15:22:42.166Z",
        "is_superuser": false,
        "username": "elvis_zhune",
        "first_name": "Elvis Zhune",
        "last_name": "",
        "email": "elvis@gmail.com",
        "is_staff": false,
        "is_active": true,
        "date_joined": "2024-02-13T15:20:41.845Z",
        "rol": 4,
        "groups": [],
        "user_permissions": []
    }
},
{
    "model": "App_Farmacia.usuario",
    "pk": 13,
    "fields": {
        "password": "!FOgiGQgoR1mWwnymGXTbI3Jo42l2wISKeBeyNuRK",
        "last_login": "2024-02-20T00:05:52.182Z",
        "is_superuser": false,
        "username": "elvis",
        "first_name": "Elvis",
        "last_name": "Zhune Mero",
        "email": "elfabri28@gmail.com",
        "is_staff": false,
        "is_active": true,
        "date_joined": "2024-02-19T21:56:21.238Z",
        "rol": 2,
        "groups": [],
        "user_permissions": []
    }
},
{
    "model": "App_Farmacia.usuario",
    "pk": 14,
    "fields": {
        "password": "pbkdf2_sha256$600000$VjbScMd5GVnNzZEgpfSQac$31JuR1ORuxEcO24a2Rl3iMRMbFDMdaB9rwYah2//5Qo=",
        "last_login": null,
        "is_superuser": false,
        "username": "LidiaVilela",
        "first_name": "Lidia Myriele",
        "last_name": "",
        "email": "lidinha@gmail.com",
        "is_staff": false,
        "is_active": true,
        "date_joined": "2024-02-27T00:16:56.024Z",
        "rol": 4,
        "groups": [],
        "user_permissions": []
    }
},
{
    "model": "App_Farmacia.usuario",
    "pk": 15,
    "fields": {
        "password": "pbkdf2_sha256$600000$81J8KYlY8UiCsHKCqqdgfj$XPqrPyNkrAIdIq2K4q6bQry7RbmlFfcQMBvOdruQ4JA=",
        "last_login": null,
        "is_superuser": false,
        "username": "prueba",
        "first_name": "prueba",
        "last_name": "",
        "email": "prueba@gmail.com",
        "is_staff": false,
        "is_active": true,
        "date_joined": "2024-02-28T10:48:31.880Z",
        "rol": 4,
        "groups": [],
        "user_permissions": []
    }
},
{
    "model": "App_Farmacia.usuario",
    "pk": 16,
    "fields": {
        "password": "pbkdf2_sha256$600000$rFRgh4EpOvgo0WLp4A0v8g$rsLdgk0Vubf8KxEh2YP8MdklBr/XrDYIO4M8W035Omo=",
        "last_login": null,
        "is_superuser": false,
        "username": "alvaro",
        "first_name": "Alvaro",
        "last_name": "",
        "email": "alvaro@gmail.com",
        "is_staff": false,
        "is_active": true,
        "date_joined": "2024-02-28T19:13:22.398Z",
        "rol": 4,
        "groups": [],
        "user_permissions": []
    }
},
{
    "model": "App_Farmacia.usuario",
    "pk": 17,
    "fields": {
        "password": "pbkdf2_sha256$600000$XgEnyqzWXWw3PDBh6bxJ7c$XoRCaJDyJcP0pnPsKw6DZX6jrxDPa/avvI9CELlRiYo=",
        "last_login": null,
        "is_superuser": false,
        "username": "alberto",
        "first_name": "alberto",
        "last_name": "",
        "email": "alberto@gmail.com",
        "is_staff": false,
        "is_active": true,
        "date_joined": "2024-02-28T20:02:15.282Z",
        "rol": 4,
        "groups": [],
        "user_permissions": []
    }
},
{
    "model": "App_Farmacia.usuario",
    "pk": 18,
    "fields": {
        "password": "pbkdf2_sha256$600000$qI7dvcLrStFdHFaCJcud6R$59OuR0gks7In2V1b75eb2UXTX07twMpnBVuW/lgVDXk=",
        "last_login": null,
        "is_superuser": false,
        "username": "probando",
        "first_name": "probandoo",
        "last_name": "",
        "email": "probando@gmail.com",
        "is_staff": false,
        "is_active": true,
        "date_joined": "2024-02-28T20:10:35.609Z",
        "rol": 4,
        "groups": [],
        "user_permissions": []
    }
},
{
    "model": "App_Farmacia.usuario",
    "pk": 19,
    "fields": {
        "password": "pbkdf2_sha256$600000$k6knY5CJpd5aWIBJrkgAUx$xZKEEdH3f3LYI+0mSWZBY80sfWfOxD4YV4qtLhTh/x0=",
        "last_login": null,
        "is_superuser": false,
        "username": "hola",
        "first_name": "hola",
        "last_name": "",
        "email": "hola@gmail.com",
        "is_staff": false,
        "is_active": true,
        "date_joined": "2024-02-28T20:25:12.407Z",
        "rol": 4,
        "groups": [],
        "user_permissions": []
    }
},
{
    "model": "App_Farmacia.usuario",
    "pk": 20,
    "fields": {
        "password": "pbkdf2_sha256$600000$VE5p6e6SKAhNOX5Q7LWRiT$tPT3WjoXDQVjI19ZVnBVUL6r4TuCcYZqNkUjlFDhvtw=",
        "last_login": null,
        "is_superuser": false,
        "username": "nuevo",
        "first_name": "nuevo",
        "last_name": "",
        "email": "nuevo@gmial.com",
        "is_staff": false,
        "is_active": true,
        "date_joined": "2024-02-28T20:26:33.562Z",
        "rol": 4,
        "groups": [
            1
        ],
        "user_permissions": []
    }
},
{
    "model": "App_Farmacia.usuario",
    "pk": 21,
    "fields": {
        "password": "ordenador4",
        "last_login": null,
        "is_superuser": false,
        "username": "empleado",
        "first_name": "Empleado",
        "last_name": "Empleado",
        "email": "empleado@gmail.com",
        "is_staff": false,
        "is_active": true,
        "date_joined": "2024-02-28T20:28:16Z",
        "rol": 3,
        "groups": [
            4
        ],
        "user_permissions": []
    }
},
{
    "model": "App_Farmacia.farmacia",
    "pk": 1,
    "fields": {
        "nombre_farm": "San Martín",
        "direccion_farm": "Calle San Martín, 123",
        "telefono_farm": 678456789
    }
},
{
    "model": "App_Farmacia.farmacia",
    "pk": 2,
    "fields": {
        "nombre_farm": "Santa Clara",
        "direccion_farm": "Avenida Santa Clara, 456",
        "telefono_farm": 679987654
    }
},
{
    "model": "App_Farmacia.farmacia",
    "pk": 3,
    "fields": {
        "nombre_farm": "El Sol",
        "direccion_farm": "Plaza del Sol, 789",
        "telefono_farm": 697123456
    }
},
{
    "model": "App_Farmacia.farmacia",
    "pk": 4,
    "fields": {
        "nombre_farm": "La Esperanza",
        "direccion_farm": "Calle Esperanza, 234",
        "telefono_farm": 679345678
    }
},
{
    "model": "App_Farmacia.farmacia",
    "pk": 5,
    "fields": {
        "nombre_farm": "San José",
        "direccion_farm": "Avenida San José, 567",
        "telefono_farm": 676890123
    }
},
{
    "model": "App_Farmacia.farmacia",
    "pk": 6,
    "fields": {
        "nombre_farm": "La Salud",
        "direccion_farm": "Calle de la Salud, 890",
        "telefono_farm": 697234567
    }
},
{
    "model": "App_Farmacia.farmacia",
    "pk": 7,
    "fields": {
        "nombre_farm": "El Bienestar",
        "direccion_farm": "Plaza del Bienestar, 123",
        "telefono_farm": 679456789
    }
},
{
    "model": "App_Farmacia.farmacia",
    "pk": 8,
    "fields": {
        "nombre_farm": "La Paz",
        "direccion_farm": "Avenida de la Paz, 456",
        "telefono_farm": 679567890
    }
},
{
    "model": "App_Farmacia.farmacia",
    "pk": 9,
    "fields": {
        "nombre_farm": "Nuestra Señora de Guadalupe",
        "direccion_farm": "Calle Nuestra Señora de Guadalupe, 789",
        "telefono_farm": 697678901
    }
},
{
    "model": "App_Farmacia.farmacia",
    "pk": 10,
    "fields": {
        "nombre_farm": "La Amistad",
        "direccion_farm": "Plaza de la Amistad, 234",
        "telefono_farm": 679789012
    }
},
{
    "model": "App_Farmacia.gerente",
    "pk": 1,
    "fields": {
        "usuario": 2,
        "direccion_ger": "Calle San Martín, 123",
        "telefono_ger": 679123456,
        "salario_ger": 3000.0,
        "birthday_date": null,
        "gerente_farm": 1
    }
},
{
    "model": "App_Farmacia.gerente",
    "pk": 2,
    "fields": {
        "usuario": 3,
        "direccion_ger": "Avenida Santa Clara, 456",
        "telefono_ger": 679987654,
        "salario_ger": 3200.0,
        "birthday_date": null,
        "gerente_farm": 2
    }
},
{
    "model": "App_Farmacia.gerente",
    "pk": 3,
    "fields": {
        "usuario": 4,
        "direccion_ger": "Plaza del Sol, 789",
        "telefono_ger": 697123456,
        "salario_ger": 3100.0,
        "birthday_date": null,
        "gerente_farm": 3
    }
},
{
    "model": "App_Farmacia.gerente",
    "pk": 4,
    "fields": {
        "usuario": 5,
        "direccion_ger": "Calle Esperanza, 234",
        "telefono_ger": 679345678,
        "salario_ger": 3300.0,
        "birthday_date": null,
        "gerente_farm": 4
    }
},
{
    "model": "App_Farmacia.gerente",
    "pk": 5,
    "fields": {
        "usuario": 6,
        "direccion_ger": "Avenida San José, 567",
        "telefono_ger": 676890123,
        "salario_ger": 3100.0,
        "birthday_date": null,
        "gerente_farm": 5
    }
},
{
    "model": "App_Farmacia.gerente",
    "pk": 6,
    "fields": {
        "usuario": 7,
        "direccion_ger": "Calle de la Salud, 890",
        "telefono_ger": 697234567,
        "salario_ger": 3200.0,
        "birthday_date": null,
        "gerente_farm": 6
    }
},
{
    "model": "App_Farmacia.gerente",
    "pk": 7,
    "fields": {
        "usuario": 8,
        "direccion_ger": "Plaza del Bienestar, 123",
        "telefono_ger": 679456789,
        "salario_ger": 3100.0,
        "birthday_date": null,
        "gerente_farm": 7
    }
},
{
    "model": "App_Farmacia.gerente",
    "pk": 8,
    "fields": {
        "usuario": 9,
        "direccion_ger": "Avenida de la Paz, 456",
        "telefono_ger": 679567890,
        "salario_ger": 3200.0,
        "birthday_date": null,
        "gerente_farm": 8
    }
},
{
    "model": "App_Farmacia.gerente",
    "pk": 9,
    "fields": {
        "usuario": 10,
        "direccion_ger": "Calle Nuestra Señora de Guadalupe, 789",
        "telefono_ger": 697678901,
        "salario_ger": 3300.0,
        "birthday_date": null,
        "gerente_farm": 9
    }
},
{
    "model": "App_Farmacia.gerente",
    "pk": 10,
    "fields": {
        "usuario": 11,
        "direccion_ger": "Plaza de la Amistad, 234",
        "telefono_ger": 679789012,
        "salario_ger": 3100.0,
        "birthday_date": null,
        "gerente_farm": 10
    }
},
{
    "model": "App_Farmacia.gerente",
    "pk": 11,
    "fields": {
        "usuario": 12,
        "direccion_ger": "Calle Romeo y Julieta, 5",
        "telefono_ger": 666333000,
        "salario_ger": 2100.0,
        "birthday_date": null,
        "gerente_farm": null
    }
},
{
    "model": "App_Farmacia.empleado",
    "pk": 1,
    "fields": {
        "usuario": 21,
        "direccion_emp": "calle emp",
        "telefono_emp": 699888777,
        "birthday_date": null,
        "salario": 1024.0,
        "farm_emp": 2
    }
},
{
    "model": "App_Farmacia.proveedor",
    "pk": 1,
    "fields": {
        "nombre_prov": "Laboratorios PharmaPlus",
        "direccion_prov": "Calle PharmaPlus, 123"
    }
},
{
    "model": "App_Farmacia.proveedor",
    "pk": 2,
    "fields": {
        "nombre_prov": "Laboratorios GastroPharm",
        "direccion_prov": "Avenida GastroPharm, 456"
    }
},
{
    "model": "App_Farmacia.proveedor",
    "pk": 3,
    "fields": {
        "nombre_prov": "Laboratorios MediCare",
        "direccion_prov": "Plaza MediCare, 789"
    }
},
{
    "model": "App_Farmacia.proveedor",
    "pk": 4,
    "fields": {
        "nombre_prov": "Laboratorios AllergyCare",
        "direccion_prov": "Calle AllergyCare, 234"
    }
},
{
    "model": "App_Farmacia.proveedor",
    "pk": 5,
    "fields": {
        "nombre_prov": "Laboratorios OralGuard",
        "direccion_prov": "Avenida OralGuard, 567"
    }
},
{
    "model": "App_Farmacia.proveedor",
    "pk": 6,
    "fields": {
        "nombre_prov": "Laboratorios Cardiovita",
        "direccion_prov": "Plaza Cardiovita, 890"
    }
},
{
    "model": "App_Farmacia.proveedor",
    "pk": 7,
    "fields": {
        "nombre_prov": "Laboratorios RespiraPlus",
        "direccion_prov": "Calle RespiraPlus, 123"
    }
},
{
    "model": "App_Farmacia.proveedor",
    "pk": 8,
    "fields": {
        "nombre_prov": "Laboratorios GastroCare",
        "direccion_prov": "Avenida GastroCare, 456"
    }
},
{
    "model": "App_Farmacia.proveedor",
    "pk": 9,
    "fields": {
        "nombre_prov": "Laboratorios NutriPharma",
        "direccion_prov": "Plaza NutriPharma, 789"
    }
},
{
    "model": "App_Farmacia.proveedor",
    "pk": 10,
    "fields": {
        "nombre_prov": "Laboratorios Dermacare",
        "direccion_prov": "Calle Dermacare, 234"
    }
},
{
    "model": "App_Farmacia.producto",
    "pk": 1,
    "fields": {
        "imagen_prod": "productos/ibuprofeno.jpg",
        "nombre_prod": "Ibuprofeno 400mg",
        "descripcion": "Analgésico y antiinflamatorio no esteroideo (AINE) utilizado para aliviar el dolor y reducir la inflamación.",
        "precio": "5.99",
        "stock": 1,
        "farmacia_prod": 1
    }
},
{
    "model": "App_Farmacia.producto",
    "pk": 2,
    "fields": {
        "imagen_prod": "productos/omeprazol.jpeg",
        "nombre_prod": "Omeprazol 20mg",
        "descripcion": "Inhibidor de la bomba de protones (IBP) utilizado para tratar la acidez estomacal, la indigestión y el reflujo ácido.",
        "precio": "8.49",
        "stock": 13,
        "farmacia_prod": 2
    }
},
{
    "model": "App_Farmacia.producto",
    "pk": 3,
    "fields": {
        "imagen_prod": "productos/Paracetamol.jpg",
        "nombre_prod": "Paracetamol 500mg",
        "descripcion": "Analgésico y antipirético utilizado para aliviar el dolor y reducir la fiebre.",
        "precio": "3.25",
        "stock": 2,
        "farmacia_prod": 3
    }
},
{
    "model": "App_Farmacia.producto",
    "pk": 4,
    "fields": {
        "imagen_prod": "productos/Loratadina.png",
        "nombre_prod": "Loratadina 10mg",
        "descripcion": "Antihistamínico utilizado para aliviar los síntomas de la alergia, como la congestión nasal y la picazón en los ojos.",
        "precio": "6.75",
        "stock": 7,
        "farmacia_prod": 4
    }
},
{
    "model": "App_Farmacia.producto",
    "pk": 5,
    "fields": {
        "imagen_prod": "productos/Clorhexidina.jpg",
        "nombre_prod": "Clorhexidina en enjuague bucal",
        "descripcion": "Antiséptico bucal utilizado para prevenir la placa bacteriana y la gingivitis.",
        "precio": "7.99",
        "stock": 5,
        "farmacia_prod": 5
    }
},
{
    "model": "App_Farmacia.producto",
    "pk": 6,
    "fields": {
        "imagen_prod": "productos/Simvastatina20mg.jpg",
        "nombre_prod": "Simvastatina 20mg",
        "descripcion": "Estatina utilizada para reducir los niveles de colesterol en sangre y prevenir enfermedades cardiovasculares.",
        "precio": "9.99",
        "stock": 11,
        "farmacia_prod": 6
    }
},
{
    "model": "App_Farmacia.producto",
    "pk": 7,
    "fields": {
        "imagen_prod": "productos/Salbutamol.jpg",
        "nombre_prod": "Salbutamol (Ventolin) inhalador",
        "descripcion": "Broncodilatador utilizado para aliviar los síntomas del asma y otras enfermedades respiratorias.",
        "precio": "12.50",
        "stock": 9,
        "farmacia_prod": 7
    }
},
{
    "model": "App_Farmacia.producto",
    "pk": 8,
    "fields": {
        "imagen_prod": "productos/Ranitidina.jpg",
        "nombre_prod": "Ranitidina 150mg",
        "descripcion": "Antagonista de los receptores H2 utilizado para tratar la acidez estomacal y las úlceras pépticas.",
        "precio": "4.99",
        "stock": 1,
        "farmacia_prod": 8
    }
},
{
    "model": "App_Farmacia.producto",
    "pk": 9,
    "fields": {
        "imagen_prod": "productos/Multivitaminico.jpg",
        "nombre_prod": "Multivitamínico Centrum",
        "descripcion": "Suplemento vitamínico y mineral utilizado para cubrir las necesidades nutricionales diarias.",
        "precio": "15.99",
        "stock": 5,
        "farmacia_prod": 9
    }
},
{
    "model": "App_Farmacia.producto",
    "pk": 10,
    "fields": {
        "imagen_prod": "productos/Hidrocortisona.jpg",
        "nombre_prod": "Crema de hidrocortisona 1%",
        "descripcion": "Corticosteroide tópico utilizado para aliviar la picazón, inflamación y enrojecimiento de la piel causados por irritaciones menores.",
        "precio": "6.25",
        "stock": 3,
        "farmacia_prod": 10
    }
},
{
    "model": "App_Farmacia.suministroproducto",
    "pk": 1,
    "fields": {
        "fecha_sum": null,
        "cantidad": null,
        "costo_ud": null,
        "producto": 1,
        "proveedor": 1
    }
},
{
    "model": "App_Farmacia.suministroproducto",
    "pk": 2,
    "fields": {
        "fecha_sum": null,
        "cantidad": null,
        "costo_ud": null,
        "producto": 2,
        "proveedor": 2
    }
},
{
    "model": "App_Farmacia.suministroproducto",
    "pk": 3,
    "fields": {
        "fecha_sum": null,
        "cantidad": null,
        "costo_ud": null,
        "producto": 3,
        "proveedor": 3
    }
},
{
    "model": "App_Farmacia.suministroproducto",
    "pk": 4,
    "fields": {
        "fecha_sum": null,
        "cantidad": null,
        "costo_ud": null,
        "producto": 4,
        "proveedor": 4
    }
},
{
    "model": "App_Farmacia.suministroproducto",
    "pk": 5,
    "fields": {
        "fecha_sum": null,
        "cantidad": null,
        "costo_ud": null,
        "producto": 5,
        "proveedor": 5
    }
},
{
    "model": "App_Farmacia.suministroproducto",
    "pk": 6,
    "fields": {
        "fecha_sum": null,
        "cantidad": null,
        "costo_ud": null,
        "producto": 6,
        "proveedor": 6
    }
},
{
    "model": "App_Farmacia.suministroproducto",
    "pk": 7,
    "fields": {
        "fecha_sum": null,
        "cantidad": null,
        "costo_ud": null,
        "producto": 7,
        "proveedor": 7
    }
},
{
    "model": "App_Farmacia.suministroproducto",
    "pk": 8,
    "fields": {
        "fecha_sum": null,
        "cantidad": null,
        "costo_ud": null,
        "producto": 8,
        "proveedor": 8
    }
},
{
    "model": "App_Farmacia.suministroproducto",
    "pk": 9,
    "fields": {
        "fecha_sum": null,
        "cantidad": null,
        "costo_ud": null,
        "producto": 9,
        "proveedor": 9
    }
},
{
    "model": "App_Farmacia.suministroproducto",
    "pk": 10,
    "fields": {
        "fecha_sum": null,
        "cantidad": null,
        "costo_ud": null,
        "producto": 10,
        "proveedor": 10
    }
},
{
    "model": "App_Farmacia.cliente",
    "pk": 1,
    "fields": {
        "usuario": 20,
        "direccion_cli": null,
        "telefono_cli": null,
        "birthday_date": "2024-03-08",
        "productos_favoritos": [
            1
        ]
    }
},
{
    "model": "App_Farmacia.promocion",
    "pk": 2,
    "fields": {
        "nombre_promo": "Feliz Cumpleaños",
        "descripcion_promo": "¡Felicidades! Esperamos que disfrute de una promoción especial por su cumpleaños.",
        "valor_promo": 10,
        "fecha_fin_promo": null,
        "cliente_promo": []
    }
},
{
    "model": "oauth2_provider.application",
    "pk": 1,
    "fields": {
        "client_id": "mi_aplicacion",
        "user": 1,
        "redirect_uris": "",
        "post_logout_redirect_uris": "",
        "client_type": "confidential",
        "authorization_grant_type": "password",
        "client_secret": "pbkdf2_sha256$600000$IE04dSJSo2infBgRPxMk8h$S8GbwMA09Mbwb8wFWmk1VD6ksltMMK+g4MsAcrA4ODs=",
        "name": "API Farmacia",
        "skip_authorization": false,
        "created": "2024-02-26T23:31:03.612Z",
        "updated": "2024-02-26T23:31:03.612Z",
        "algorithm": ""
    }
},
{
    "model": "oauth2_provider.accesstoken",
    "pk": 1,
    "fields": {
        "user": 1,
        "source_refresh_token": null,
        "token": "kOp6X3zzqgxF2FrAWXzaVBs8ojuCVX",
        "id_token": null,
        "application": 1,
        "expires": "2035-07-25T15:31:09.252Z",
        "scope": "read write groups",
        "created": "2024-02-26T23:31:09.252Z",
        "updated": "2024-02-26T23:31:09.252Z"
    }
},
{
    "model": "oauth2_provider.accesstoken",
    "pk": 2,
    "fields": {
        "user": 1,
        "source_refresh_token": null,
        "token": "SmgKcr57JSQ2KzUmRFmEEd8F7H9hMY",
        "id_token": null,
        "application": 1,
        "expires": "2035-07-25T16:14:52.361Z",
        "scope": "read write groups",
        "created": "2024-02-27T00:14:52.361Z",
        "updated": "2024-02-27T00:14:52.361Z"
    }
},
{
    "model": "oauth2_provider.accesstoken",
    "pk": 3,
    "fields": {
        "user": 14,
        "source_refresh_token": null,
        "token": "Uu5zmM44ArDRVllgeq4ZxHuGJ5b0Pl",
        "id_token": null,
        "application": 1,
        "expires": "2035-07-25T16:16:56.336Z",
        "scope": "read write groups",
        "created": "2024-02-27T00:16:56.336Z",
        "updated": "2024-02-27T00:16:56.336Z"
    }
},
{
    "model": "oauth2_provider.accesstoken",
    "pk": 4,
    "fields": {
        "user": 1,
        "source_refresh_token": null,
        "token": "SkHd51GsGrtusb3oG1MkljfgBw8OFS",
        "id_token": null,
        "application": 1,
        "expires": "2035-07-25T17:21:58.505Z",
        "scope": "read write groups",
        "created": "2024-02-27T01:21:58.505Z",
        "updated": "2024-02-27T01:21:58.505Z"
    }
},
{
    "model": "oauth2_provider.accesstoken",
    "pk": 5,
    "fields": {
        "user": 15,
        "source_refresh_token": null,
        "token": "hGsFlESwOxuBvAejtDenhcKNLsq3uj",
        "id_token": null,
        "application": 1,
        "expires": "2035-07-27T02:48:32.242Z",
        "scope": "read write groups",
        "created": "2024-02-28T10:48:32.242Z",
        "updated": "2024-02-28T10:48:32.242Z"
    }
},
{
    "model": "oauth2_provider.accesstoken",
    "pk": 6,
    "fields": {
        "user": 1,
        "source_refresh_token": null,
        "token": "vcRWuYF3VDPtECfPhYLpjC69SN1aOA",
        "id_token": null,
        "application": 1,
        "expires": "2035-07-27T02:52:43.720Z",
        "scope": "read write groups",
        "created": "2024-02-28T10:52:43.721Z",
        "updated": "2024-02-28T10:52:43.721Z"
    }
},
{
    "model": "oauth2_provider.accesstoken",
    "pk": 7,
    "fields": {
        "user": 15,
        "source_refresh_token": null,
        "token": "jS7s9zmFE1ct506QfjHLhR6DCDzt5Q",
        "id_token": null,
        "application": 1,
        "expires": "2035-07-27T02:56:29.884Z",
        "scope": "read write groups",
        "created": "2024-02-28T10:56:29.884Z",
        "updated": "2024-02-28T10:56:29.884Z"
    }
},
{
    "model": "oauth2_provider.accesstoken",
    "pk": 8,
    "fields": {
        "user": 1,
        "source_refresh_token": null,
        "token": "fkSZ57kEUBibTsdRJvU6B7AYEmyMKz",
        "id_token": null,
        "application": 1,
        "expires": "2035-07-27T03:08:25.573Z",
        "scope": "read write groups",
        "created": "2024-02-28T11:08:25.574Z",
        "updated": "2024-02-28T11:08:25.574Z"
    }
},
{
    "model": "oauth2_provider.accesstoken",
    "pk": 9,
    "fields": {
        "user": 1,
        "source_refresh_token": null,
        "token": "Joq2pULbByPgp7rhWdPP38nDKcJg8G",
        "id_token": null,
        "application": 1,
        "expires": "2035-07-27T03:10:11.149Z",
        "scope": "read write groups",
        "created": "2024-02-28T11:10:11.149Z",
        "updated": "2024-02-28T11:10:11.149Z"
    }
},
{
    "model": "oauth2_provider.accesstoken",
    "pk": 10,
    "fields": {
        "user": 12,
        "source_refresh_token": null,
        "token": "MOkPFl7O1MOU2JcjkDBvlgzfnYi2u0",
        "id_token": null,
        "application": 1,
        "expires": "2035-07-27T03:10:27.756Z",
        "scope": "read write groups",
        "created": "2024-02-28T11:10:27.756Z",
        "updated": "2024-02-28T11:10:27.756Z"
    }
},
{
    "model": "oauth2_provider.accesstoken",
    "pk": 11,
    "fields": {
        "user": 15,
        "source_refresh_token": null,
        "token": "ySqHu75pNiTSLSa6JHHUvGhI11uUQe",
        "id_token": null,
        "application": 1,
        "expires": "2035-07-27T03:15:00.261Z",
        "scope": "read write groups",
        "created": "2024-02-28T11:15:00.261Z",
        "updated": "2024-02-28T11:15:00.261Z"
    }
},
{
    "model": "oauth2_provider.accesstoken",
    "pk": 12,
    "fields": {
        "user": 12,
        "source_refresh_token": null,
        "token": "xWpdkBPgwyrCvZibxYor7rDsxpFg2y",
        "id_token": null,
        "application": 1,
        "expires": "2035-07-27T03:41:02.140Z",
        "scope": "read write groups",
        "created": "2024-02-28T11:41:02.140Z",
        "updated": "2024-02-28T11:41:02.140Z"
    }
},
{
    "model": "oauth2_provider.accesstoken",
    "pk": 13,
    "fields": {
        "user": 12,
        "source_refresh_token": null,
        "token": "9Q96X6dAJpklIKneP2csJ7IVBjaLvY",
        "id_token": null,
        "application": 1,
        "expires": "2035-07-27T07:33:00.402Z",
        "scope": "read write groups",
        "created": "2024-02-28T15:33:00.402Z",
        "updated": "2024-02-28T15:33:00.402Z"
    }
},
{
    "model": "oauth2_provider.accesstoken",
    "pk": 14,
    "fields": {
        "user": 12,
        "source_refresh_token": null,
        "token": "dTTHdbRE0lsEupIw6QDiKoXiYF9b9A",
        "id_token": null,
        "application": 1,
        "expires": "2035-07-27T11:03:26.413Z",
        "scope": "read write groups",
        "created": "2024-02-28T19:03:26.413Z",
        "updated": "2024-02-28T19:03:26.413Z"
    }
},
{
    "model": "oauth2_provider.accesstoken",
    "pk": 15,
    "fields": {
        "user": 12,
        "source_refresh_token": null,
        "token": "P4w9YtQ9rmrbFOcqpyOZP4XLPHtPo5",
        "id_token": null,
        "application": 1,
        "expires": "2035-07-27T11:12:38.293Z",
        "scope": "read write groups",
        "created": "2024-02-28T19:12:38.293Z",
        "updated": "2024-02-28T19:12:38.293Z"
    }
},
{
    "model": "oauth2_provider.accesstoken",
    "pk": 16,
    "fields": {
        "user": 16,
        "source_refresh_token": null,
        "token": "2bG97tKuzB7jumgJANNvLWrcQmABSC",
        "id_token": null,
        "application": 1,
        "expires": "2035-07-27T11:13:22.763Z",
        "scope": "read write groups",
        "created": "2024-02-28T19:13:22.763Z",
        "updated": "2024-02-28T19:13:22.763Z"
    }
},
{
    "model": "oauth2_provider.accesstoken",
    "pk": 17,
    "fields": {
        "user": 16,
        "source_refresh_token": null,
        "token": "j9fOr8K0dfUk6BhABFxqqezXIvbSLs",
        "id_token": null,
        "application": 1,
        "expires": "2035-07-27T11:24:14.501Z",
        "scope": "read write groups",
        "created": "2024-02-28T19:24:14.502Z",
        "updated": "2024-02-28T19:24:14.502Z"
    }
},
{
    "model": "oauth2_provider.accesstoken",
    "pk": 18,
    "fields": {
        "user": 16,
        "source_refresh_token": null,
        "token": "nN6IybmizssYWKsJTLSdXl04p94bmb",
        "id_token": null,
        "application": 1,
        "expires": "2035-07-27T11:57:48.256Z",
        "scope": "read write groups",
        "created": "2024-02-28T19:57:48.256Z",
        "updated": "2024-02-28T19:57:48.256Z"
    }
},
{
    "model": "oauth2_provider.accesstoken",
    "pk": 19,
    "fields": {
        "user": 18,
        "source_refresh_token": null,
        "token": "IeJ5Kut3VysylmlrZrgI0QTz1IgZTA",
        "id_token": null,
        "application": 1,
        "expires": "2035-07-27T12:10:43.604Z",
        "scope": "read write groups",
        "created": "2024-02-28T20:10:43.605Z",
        "updated": "2024-02-28T20:10:43.605Z"
    }
},
{
    "model": "oauth2_provider.accesstoken",
    "pk": 20,
    "fields": {
        "user": 19,
        "source_refresh_token": null,
        "token": "Ws0OY4VQyfhrHjd1G1dxgkfYPOTUmv",
        "id_token": null,
        "application": 1,
        "expires": "2035-07-27T12:25:58.082Z",
        "scope": "read write groups",
        "created": "2024-02-28T20:25:58.082Z",
        "updated": "2024-02-28T20:25:58.082Z"
    }
},
{
    "model": "oauth2_provider.accesstoken",
    "pk": 21,
    "fields": {
        "user": 20,
        "source_refresh_token": null,
        "token": "Pq9h4U7gg7oGlEWorSl3rn7we7bYe6",
        "id_token": null,
        "application": 1,
        "expires": "2035-07-27T12:26:42.409Z",
        "scope": "read write groups",
        "created": "2024-02-28T20:26:42.410Z",
        "updated": "2024-02-28T20:26:42.410Z"
    }
},
{
    "model": "oauth2_provider.accesstoken",
    "pk": 22,
    "fields": {
        "user": 20,
        "source_refresh_token": null,
        "token": "TROTQMpoldQQxYKFUHeUmdaueyEzHL",
        "id_token": null,
        "application": 1,
        "expires": "2035-07-27T12:29:49.429Z",
        "scope": "read write groups",
        "created": "2024-02-28T20:29:49.429Z",
        "updated": "2024-02-28T20:29:49.429Z"
    }
},
{
    "model": "oauth2_provider.accesstoken",
    "pk": 23,
    "fields": {
        "user": 1,
        "source_refresh_token": null,
        "token": "dP6x3kchtuTQnYCu7dFJFycfvKomGe",
        "id_token": null,
        "application": 1,
        "expires": "2035-08-04T15:34:02.471Z",
        "scope": "read write groups",
        "created": "2024-03-07T23:34:02.471Z",
        "updated": "2024-03-07T23:34:02.471Z"
    }
},
{
    "model": "oauth2_provider.accesstoken",
    "pk": 24,
    "fields": {
        "user": 1,
        "source_refresh_token": null,
        "token": "jT0WzLeNVtvyTf2sp3JGph6WtFaXAN",
        "id_token": null,
        "application": 1,
        "expires": "2035-08-04T17:21:41.186Z",
        "scope": "read write groups",
        "created": "2024-03-08T01:21:41.186Z",
        "updated": "2024-03-08T01:21:41.186Z"
    }
},
{
    "model": "oauth2_provider.refreshtoken",
    "pk": 1,
    "fields": {
        "user": 1,
        "token": "vk0NG4LG42rL3SwlKlc1yM9FRWeKNK",
        "application": 1,
        "access_token": 1,
        "created": "2024-02-26T23:31:09.253Z",
        "updated": "2024-02-26T23:31:09.253Z",
        "revoked": null
    }
},
{
    "model": "oauth2_provider.refreshtoken",
    "pk": 2,
    "fields": {
        "user": 1,
        "token": "Vt5NNDgIFvpyxfGAyTJk5jKFvmzKuy",
        "application": 1,
        "access_token": 2,
        "created": "2024-02-27T00:14:52.362Z",
        "updated": "2024-02-27T00:14:52.362Z",
        "revoked": null
    }
},
{
    "model": "oauth2_provider.refreshtoken",
    "pk": 3,
    "fields": {
        "user": 14,
        "token": "9On1uNjRYFdzCkFXVIa4yjFLMIgxst",
        "application": 1,
        "access_token": 3,
        "created": "2024-02-27T00:16:56.337Z",
        "updated": "2024-02-27T00:16:56.337Z",
        "revoked": null
    }
},
{
    "model": "oauth2_provider.refreshtoken",
    "pk": 4,
    "fields": {
        "user": 1,
        "token": "BkSI4ZwB5o8ZXd5qPUjjg2SesDhEw1",
        "application": 1,
        "access_token": 4,
        "created": "2024-02-27T01:21:58.506Z",
        "updated": "2024-02-27T01:21:58.506Z",
        "revoked": null
    }
},
{
    "model": "oauth2_provider.refreshtoken",
    "pk": 5,
    "fields": {
        "user": 15,
        "token": "JFUZG3wu43orNHYaE4U3xwtxPIovmI",
        "application": 1,
        "access_token": 5,
        "created": "2024-02-28T10:48:32.243Z",
        "updated": "2024-02-28T10:48:32.243Z",
        "revoked": null
    }
},
{
    "model": "oauth2_provider.refreshtoken",
    "pk": 6,
    "fields": {
        "user": 1,
        "token": "jEZOYWn8IJSlzZzpJl8nGB0W0iiOIK",
        "application": 1,
        "access_token": 6,
        "created": "2024-02-28T10:52:43.721Z",
        "updated": "2024-02-28T10:52:43.721Z",
        "revoked": null
    }
},
{
    "model": "oauth2_provider.refreshtoken",
    "pk": 7,
    "fields": {
        "user": 15,
        "token": "rK3Od4PdiF3Ptnp44cO37eXlTL2k5L",
        "application": 1,
        "access_token": 7,
        "created": "2024-02-28T10:56:29.885Z",
        "updated": "2024-02-28T10:56:29.885Z",
        "revoked": null
    }
},
{
    "model": "oauth2_provider.refreshtoken",
    "pk": 8,
    "fields": {
        "user": 1,
        "token": "voYwWwzLxKVOHkVnB3MCffwGkFA3pr",
        "application": 1,
        "access_token": 8,
        "created": "2024-02-28T11:08:25.575Z",
        "updated": "2024-02-28T11:08:25.575Z",
        "revoked": null
    }
},
{
    "model": "oauth2_provider.refreshtoken",
    "pk": 9,
    "fields": {
        "user": 1,
        "token": "M9quyeBcBRSnIJpwB1ZNXU5JlISgy5",
        "application": 1,
        "access_token": 9,
        "created": "2024-02-28T11:10:11.150Z",
        "updated": "2024-02-28T11:10:11.150Z",
        "revoked": null
    }
},
{
    "model": "oauth2_provider.refreshtoken",
    "pk": 10,
    "fields": {
        "user": 12,
        "token": "uV1anhehFl9RzHVuXA2yG4GFoF2AIn",
        "application": 1,
        "access_token": 10,
        "created": "2024-02-28T11:10:27.757Z",
        "updated": "2024-02-28T11:10:27.757Z",
        "revoked": null
    }
},
{
    "model": "oauth2_provider.refreshtoken",
    "pk": 11,
    "fields": {
        "user": 15,
        "token": "BCAWffVwgaJhvvrnryVzCnIh6dljFa",
        "application": 1,
        "access_token": 11,
        "created": "2024-02-28T11:15:00.262Z",
        "updated": "2024-02-28T11:15:00.262Z",
        "revoked": null
    }
},
{
    "model": "oauth2_provider.refreshtoken",
    "pk": 12,
    "fields": {
        "user": 12,
        "token": "QfUr54dANwROPyBt1Cd5tVhgEKbHEv",
        "application": 1,
        "access_token": 12,
        "created": "2024-02-28T11:41:02.141Z",
        "updated": "2024-02-28T11:41:02.141Z",
        "revoked": null
    }
},
{
    "model": "oauth2_provider.refreshtoken",
    "pk": 13,
    "fields": {
        "user": 12,
        "token": "kAzuqKIPwhorzJbT1RnZ57m4lYUeaV",
        "application": 1,
        "access_token": 13,
        "created": "2024-02-28T15:33:00.403Z",
        "updated": "2024-02-28T15:33:00.403Z",
        "revoked": null
    }
},
{
    "model": "oauth2_provider.refreshtoken",
    "pk": 14,
    "fields": {
        "user": 12,
        "token": "E1dSJvEIrRzynUc00sB31ig4l49hMQ",
        "application": 1,
        "access_token": 14,
        "created": "2024-02-28T19:03:26.414Z",
        "updated": "2024-02-28T19:03:26.414Z",
        "revoked": null
    }
},
{
    "model": "oauth2_provider.refreshtoken",
    "pk": 15,
    "fields": {
        "user": 12,
        "token": "adleQ2gCdrR8ob95N17clknSWPJGid",
        "application": 1,
        "access_token": 15,
        "created": "2024-02-28T19:12:38.295Z",
        "updated": "2024-02-28T19:12:38.295Z",
        "revoked": null
    }
},
{
    "model": "oauth2_provider.refreshtoken",
    "pk": 16,
    "fields": {
        "user": 16,
        "token": "E82nwyCsQ6kdG0Dot7AoRCWQckjFB2",
        "application": 1,
        "access_token": 16,
        "created": "2024-02-28T19:13:22.764Z",
        "updated": "2024-02-28T19:13:22.764Z",
        "revoked": null
    }
},
{
    "model": "oauth2_provider.refreshtoken",
    "pk": 17,
    "fields": {
        "user": 16,
        "token": "c4hotAjl1JXtDkn4oqhMV9fWhW8xZ1",
        "application": 1,
        "access_token": 17,
        "created": "2024-02-28T19:24:14.503Z",
        "updated": "2024-02-28T19:24:14.503Z",
        "revoked": null
    }
},
{
    "model": "oauth2_provider.refreshtoken",
    "pk": 18,
    "fields": {
        "user": 16,
        "token": "lICWTE0m3432iRvr8hqeqCjnD4sTMl",
        "application": 1,
        "access_token": 18,
        "created": "2024-02-28T19:57:48.257Z",
        "updated": "2024-02-28T19:57:48.257Z",
        "revoked": null
    }
},
{
    "model": "oauth2_provider.refreshtoken",
    "pk": 19,
    "fields": {
        "user": 18,
        "token": "vNtOfgYAiBf5YrgWQCDQzRkRaFUx96",
        "application": 1,
        "access_token": 19,
        "created": "2024-02-28T20:10:43.606Z",
        "updated": "2024-02-28T20:10:43.606Z",
        "revoked": null
    }
},
{
    "model": "oauth2_provider.refreshtoken",
    "pk": 20,
    "fields": {
        "user": 19,
        "token": "CuMzHgZzSZLpRZRm8TuzG5W1kuMUU8",
        "application": 1,
        "access_token": 20,
        "created": "2024-02-28T20:25:58.084Z",
        "updated": "2024-02-28T20:25:58.084Z",
        "revoked": null
    }
},
{
    "model": "oauth2_provider.refreshtoken",
    "pk": 21,
    "fields": {
        "user": 20,
        "token": "JSzMottCWozoLm8Cwhp5R4MF6XDPhl",
        "application": 1,
        "access_token": 21,
        "created": "2024-02-28T20:26:42.411Z",
        "updated": "2024-02-28T20:26:42.411Z",
        "revoked": null
    }
},
{
    "model": "oauth2_provider.refreshtoken",
    "pk": 22,
    "fields": {
        "user": 20,
        "token": "VZT7UjNUyWfjfHTPRSvAq9X2z6s0no",
        "application": 1,
        "access_token": 22,
        "created": "2024-02-28T20:29:49.432Z",
        "updated": "2024-02-28T20:29:49.432Z",
        "revoked": null
    }
},
{
    "model": "oauth2_provider.refreshtoken",
    "pk": 23,
    "fields": {
        "user": 1,
        "token": "twyS1JFSYwsMbEU664tk3Hiy8g6HKt",
        "application": 1,
        "access_token": 23,
        "created": "2024-03-07T23:34:02.472Z",
        "updated": "2024-03-07T23:34:02.472Z",
        "revoked": null
    }
},
{
    "model": "oauth2_provider.refreshtoken",
    "pk": 24,
    "fields": {
        "user": 1,
        "token": "lp0rDWEBgZ29jqOkinBGUsARsSsJVl",
        "application": 1,
        "access_token": 24,
        "created": "2024-03-08T01:21:41.187Z",
        "updated": "2024-03-08T01:21:41.187Z",
        "revoked": null
    }
},
{
    "model": "sites.site",
    "pk": 1,
    "fields": {
        "domain": "127.0.0.1:8000",
        "name": "127.0.0.1:8000"
    }
},
{
    "model": "account.emailaddress",
    "pk": 1,
    "fields": {
        "user": 1,
        "email": "admin@gmail.com",
        "verified": false,
        "primary": false
    }
},
{
    "model": "account.emailaddress",
    "pk": 2,
    "fields": {
        "user": 13,
        "email": "elfabri28@gmail.com",
        "verified": true,
        "primary": true
    }
},
{
    "model": "socialaccount.socialapp",
    "pk": 1,
    "fields": {
        "provider": "google",
        "provider_id": "",
        "name": "App_Farmacia_API",
        "client_id": "1044094564533-jgdf3q1mej8hhpsfptmm6t8lr2v5spn3.apps.googleusercontent.com",
        "secret": "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",
        "key": "",
        "settings": {},
        "sites": [
            1
        ]
    }
},
{
    "model": "socialaccount.socialaccount",
    "pk": 1,
    "fields": {
        "user": 13,
        "provider": "google",
        "uid": "110779972228898629911",
        "last_login": "2024-02-20T00:05:52.161Z",
        "date_joined": "2024-02-19T21:56:21.260Z",
        "extra_data": {
            "iss": "https://accounts.google.com",
            "azp": "1044094564533-jgdf3q1mej8hhpsfptmm6t8lr2v5spn3.apps.googleusercontent.com",
            "aud": "1044094564533-jgdf3q1mej8hhpsfptmm6t8lr2v5spn3.apps.googleusercontent.com",
            "sub": "110779972228898629911",
            "email": "elfabri28@gmail.com",
            "email_verified": true,
            "at_hash": "sFp1DnhjzTJUYZhq-rpkew",
            "name": "Elvis Zhune Mero",
            "picture": "https://lh3.googleusercontent.com/a/ACg8ocKmvy9qjvxS8rW74WY3qrSmWz4wlx_FE4NNdGw4uXwdZ9Wg=s96-c",
            "given_name": "Elvis",
            "family_name": "Zhune Mero",
            "locale": "es",
            "iat": 1708387552,
            "exp": 1708391152
        }
    }
}
]
